Order_ID,SKU,Pick_Zone,Picker_ID,Received_Timestamp,Putaway_Timestamp,Ordered_Qty,Picked_Qty,Pick_Duration_Minutes,Location_Capacity_M3,Occupied_Volume_M3
ORD-10000,SKU-138,Zone_C_Bulk,PKR-09,2026-01-01 06:07:00,2026-01-01 08:01:00,17,17,19,10.0,7.77
ORD-10001,SKU-128,Zone_A_HighBay,PKR-01,2026-01-01 06:37:00,2026-01-01 08:01:00,19,19,18,10.0,8.98
ORD-10002,SKU-114,Zone_C_Bulk,PKR-05,2026-01-01 06:38:00,2026-01-01 08:55:00,18,18,15,10.0,6.02
ORD-10003,SKU-142,Zone_B_Mezzanine,PKR-06,2026-01-01 06:46:00,2026-01-01 07:55:00,6,6,24,10.0,8.39
ORD-10004,SKU-107,Zone_A_HighBay,PKR-05,2026-01-01 07:13:00,2026-01-01 09:38:00,19,19,12,10.0,8.89
ORD-10005,SKU-120,Zone_B_Mezzanine,PKR-06,2026-01-01 07:28:00,2026-01-01 09:47:00,10,10,8,10.0,6.45
ORD-10006,SKU-138,Zone_C_Bulk,PKR-06,2026-01-01 07:33:00,2026-01-01 09:25:00,8,8,16,10.0,6.31
ORD-10007,SKU-118,Zone_B_Mezzanine,PKR-07,2026-01-01 08:14:00,2026-01-01 10:15:00,6,6,12,10.0,7.36
ORD-10008,SKU-122,Zone_C_Bulk,PKR-04,2026-01-01 08:05:00,2026-01-01 09:06:00,7,7,10,10.0,8.99
ORD-10009,SKU-110,Zone_C_Bulk,PKR-08,2026-01-01 08:25:00,2026-01-01 09:47:00,1,1,19,10.0,7.74
ORD-10010,SKU-110,Zone_A_HighBay,PKR-07,2026-01-01 08:32:00,2026-01-01 10:58:00,18,18,16,10.0,7.69
ORD-10011,SKU-123,Zone_A_HighBay,PKR-09,2026-01-01 08:52:00,2026-01-01 11:07:00,12,12,20,10.0,6.45
ORD-10012,SKU-135,Zone_B_Mezzanine,PKR-07,2026-01-01 09:02:00,2026-01-01 11:02:00,16,16,20,10.0,6.0
ORD-10013,SKU-139,Zone_A_HighBay,PKR-03,2026-01-01 09:28:00,2026-01-01 10:37:00,10,10,24,10.0,8.59
ORD-10014,SKU-123,Zone_C_Bulk,PKR-03,2026-01-01 09:57:00,2026-01-01 15:15:00,10,10,24,10.0,6.28
ORD-10015,SKU-102,Zone_C_Bulk,PKR-08,2026-01-01 09:57:00,2026-01-01 16:11:00,14,14,8,10.0,8.03
ORD-10016,SKU-121,Zone_A_HighBay,PKR-05,2026-01-01 10:12:00,2026-01-01 11:51:00,10,10,15,10.0,8.93
ORD-10017,SKU-101,Zone_A_HighBay,PKR-04,2026-01-01 10:16:00,2026-01-01 11:55:00,10,10,17,10.0,6.67
ORD-10018,SKU-123,Zone_B_Mezzanine,PKR-08,2026-01-01 10:42:00,2026-01-01 11:42:00,11,11,13,10.0,8.13
ORD-10019,SKU-143,Zone_A_HighBay,PKR-06,2026-01-01 11:13:00,2026-01-01 13:08:00,2,2,8,10.0,6.25
ORD-10020,SKU-129,Zone_C_Bulk,PKR-02,2026-01-01 11:18:00,2026-01-01 12:39:00,8,8,16,10.0,7.93
ORD-10021,SKU-137,Zone_A_HighBay,PKR-04,2026-01-01 11:41:00,2026-01-01 12:49:00,7,7,13,10.0,6.52
ORD-10022,SKU-101,Zone_B_Mezzanine,PKR-04,2026-01-01 11:35:00,2026-01-01 13:53:00,8,8,17,10.0,8.36
ORD-10023,SKU-120,Zone_A_HighBay,PKR-06,2026-01-01 12:00:00,2026-01-01 13:01:00,1,1,20,10.0,6.96
ORD-10024,SKU-132,Zone_B_Mezzanine,PKR-06,2026-01-01 12:01:00,2026-01-01 13:20:00,2,2,10,10.0,7.48
ORD-10025,SKU-111,Zone_A_HighBay,PKR-01,2026-01-01 12:22:00,2026-01-01 13:44:00,18,18,14,10.0,7.92
ORD-10026,SKU-121,Zone_B_Mezzanine,PKR-08,2026-01-01 12:46:00,2026-01-01 18:08:00,15,15,17,10.0,6.55
ORD-10027,SKU-143,Zone_A_HighBay,PKR-06,2026-01-01 13:07:00,2026-01-01 15:01:00,1,1,11,10.0,8.37
ORD-10028,SKU-124,Zone_B_Mezzanine,PKR-03,2026-01-01 13:01:00,2026-01-01 14:08:00,5,5,23,10.0,6.97
ORD-10029,SKU-148,Zone_C_Bulk,PKR-09,2026-01-01 13:24:00,2026-01-01 15:39:00,2,2,23,10.0,8.12
ORD-10030,SKU-126,Zone_A_HighBay,PKR-02,2026-01-01 13:57:00,2026-01-01 16:11:00,3,3,21,10.0,6.51
ORD-10031,SKU-141,Zone_A_HighBay,PKR-08,2026-01-01 14:00:00,2026-01-01 15:48:00,19,19,17,10.0,8.2
ORD-10032,SKU-127,Zone_A_HighBay,PKR-03,2026-01-01 14:05:00,2026-01-01 16:00:00,18,18,17,10.0,6.41
ORD-10033,SKU-115,Zone_B_Mezzanine,PKR-05,2026-01-01 14:42:00,2026-01-01 16:48:00,18,18,6,10.0,7.36
ORD-10034,SKU-114,Zone_B_Mezzanine,PKR-06,2026-01-01 14:31:00,2026-01-01 15:37:00,14,14,14,10.0,6.79
ORD-10035,SKU-146,Zone_B_Mezzanine,PKR-06,2026-01-01 14:46:00,2026-01-01 17:08:00,8,8,17,10.0,8.39
ORD-10036,SKU-143,Zone_A_HighBay,PKR-04,2026-01-01 15:25:00,2026-01-01 17:13:00,12,12,13,10.0,6.84
ORD-10037,SKU-102,Zone_A_HighBay,PKR-03,2026-01-01 15:27:00,2026-01-01 17:00:00,10,10,5,10.0,8.82
ORD-10038,SKU-136,Zone_B_Mezzanine,PKR-04,2026-01-01 15:53:00,2026-01-01 17:52:00,17,17,18,10.0,8.85
ORD-10039,SKU-106,Zone_A_HighBay,PKR-01,2026-01-01 15:59:00,2026-01-01 17:39:00,11,12,20,10.0,6.63
ORD-10040,SKU-120,Zone_C_Bulk,PKR-04,2026-01-01 16:27:00,2026-01-01 17:49:00,2,2,24,10.0,7.96
ORD-10041,SKU-108,Zone_A_HighBay,PKR-01,2026-01-01 16:16:00,2026-01-01 17:54:00,4,4,19,10.0,6.28
ORD-10042,SKU-138,Zone_B_Mezzanine,PKR-01,2026-01-01 16:36:00,2026-01-01 18:34:00,1,1,5,10.0,7.25
ORD-10043,SKU-117,Zone_A_HighBay,PKR-06,2026-01-01 16:47:00,2026-01-01 17:52:00,15,15,21,10.0,8.28
ORD-10044,SKU-103,Zone_A_HighBay,PKR-05,2026-01-01 17:07:00,2026-01-01 18:33:00,13,13,17,10.0,8.11
ORD-10045,SKU-124,Zone_B_Mezzanine,PKR-04,2026-01-01 17:37:00,2026-01-01 18:38:00,8,8,19,10.0,8.0
ORD-10046,SKU-113,Zone_B_Mezzanine,PKR-03,2026-01-01 17:43:00,2026-01-01 19:28:00,4,4,20,10.0,6.9
ORD-10047,SKU-149,Zone_C_Bulk,PKR-01,2026-01-01 18:08:00,2026-01-01 23:36:00,10,10,20,10.0,7.21
ORD-10048,SKU-108,Zone_A_HighBay,PKR-06,2026-01-01 18:29:00,2026-01-01 19:38:00,19,19,6,10.0,6.33
ORD-10049,SKU-125,Zone_A_HighBay,PKR-02,2026-01-01 18:37:00,2026-01-01 20:13:00,18,18,21,10.0,8.3
ORD-10050,SKU-101,Zone_B_Mezzanine,PKR-08,2026-01-01 18:56:00,2026-01-01 20:19:00,5,5,15,10.0,7.61
ORD-10051,SKU-119,Zone_B_Mezzanine,PKR-05,2026-01-01 19:06:00,2026-01-01 20:20:00,19,19,12,10.0,8.27
ORD-10052,SKU-127,Zone_A_HighBay,PKR-07,2026-01-01 19:28:00,2026-01-02 00:01:00,16,16,24,10.0,6.8
ORD-10053,SKU-146,Zone_A_HighBay,PKR-02,2026-01-01 19:21:00,2026-01-01 21:40:00,1,1,7,10.0,7.04
ORD-10054,SKU-106,Zone_A_HighBay,PKR-08,2026-01-01 19:50:00,2026-01-01 21:51:00,12,12,16,10.0,7.07
ORD-10055,SKU-143,Zone_C_Bulk,PKR-02,2026-01-01 19:51:00,2026-01-01 21:17:00,2,2,24,10.0,6.08
ORD-10056,SKU-107,Zone_A_HighBay,PKR-04,2026-01-01 20:00:00,2026-01-01 21:22:00,8,8,20,10.0,7.09
ORD-10057,SKU-146,Zone_A_HighBay,PKR-01,2026-01-01 20:31:00,2026-01-01 22:19:00,18,18,18,10.0,8.57
ORD-10058,SKU-134,Zone_A_HighBay,PKR-05,2026-01-01 20:38:00,2026-01-01 22:09:00,16,16,20,10.0,8.87
ORD-10059,SKU-113,Zone_A_HighBay,PKR-09,2026-01-01 21:14:00,2026-01-01 23:25:00,5,5,21,10.0,7.66
ORD-10060,SKU-116,Zone_A_HighBay,PKR-01,2026-01-01 21:20:00,2026-01-01 23:42:00,13,13,15,10.0,7.46
ORD-10061,SKU-135,Zone_B_Mezzanine,PKR-09,2026-01-01 21:27:00,2026-01-01 22:56:00,19,19,21,10.0,6.1
ORD-10062,SKU-149,Zone_A_HighBay,PKR-08,2026-01-01 21:50:00,2026-01-01 23:35:00,3,3,23,10.0,8.81
ORD-10063,SKU-139,Zone_C_Bulk,PKR-06,2026-01-01 22:03:00,2026-01-02 00:21:00,8,8,5,10.0,6.04
ORD-10064,SKU-103,Zone_A_HighBay,PKR-07,2026-01-01 22:20:00,2026-01-01 23:55:00,12,12,16,10.0,9.02
ORD-10065,SKU-101,Zone_B_Mezzanine,PKR-03,2026-01-01 22:33:00,2026-01-02 00:18:00,2,2,19,10.0,7.57
ORD-10066,SKU-105,Zone_C_Bulk,PKR-01,2026-01-01 22:54:00,2026-01-02 01:11:00,11,11,22,10.0,7.09
ORD-10067,SKU-141,Zone_B_Mezzanine,PKR-05,2026-01-01 23:09:00,2026-01-02 01:24:00,12,12,18,10.0,8.96
ORD-10068,SKU-103,Zone_B_Mezzanine,PKR-02,2026-01-01 23:21:00,2026-01-02 01:28:00,18,18,5,10.0,6.08
ORD-10069,SKU-128,Zone_A_HighBay,PKR-05,2026-01-01 23:31:00,2026-01-02 01:25:00,13,13,17,10.0,7.86
ORD-10070,SKU-117,Zone_A_HighBay,PKR-08,2026-01-01 23:52:00,2026-01-02 01:52:00,5,5,19,10.0,7.76
ORD-10071,SKU-125,Zone_B_Mezzanine,PKR-09,2026-01-02 00:07:00,2026-01-02 02:09:00,12,12,11,10.0,6.7
ORD-10072,SKU-143,Zone_C_Bulk,PKR-02,2026-01-02 00:29:00,2026-01-02 01:39:00,2,2,19,10.0,7.37
ORD-10073,SKU-133,Zone_B_Mezzanine,PKR-03,2026-01-02 00:24:00,2026-01-02 01:24:00,5,5,24,10.0,8.09
ORD-10074,SKU-109,Zone_B_Mezzanine,PKR-03,2026-01-02 00:39:00,2026-01-02 02:44:00,7,7,14,10.0,8.33
ORD-10075,SKU-135,Zone_B_Mezzanine,PKR-01,2026-01-02 00:48:00,2026-01-02 02:02:00,12,12,18,10.0,6.0
ORD-10076,SKU-113,Zone_A_HighBay,PKR-08,2026-01-02 01:07:00,2026-01-02 05:10:00,16,16,10,10.0,9.0
ORD-10077,SKU-130,Zone_A_HighBay,PKR-06,2026-01-02 01:36:00,2026-01-02 03:56:00,8,8,18,10.0,6.53
ORD-10078,SKU-147,Zone_B_Mezzanine,PKR-08,2026-01-02 01:49:00,2026-01-02 03:20:00,9,9,16,10.0,6.75
ORD-10079,SKU-114,Zone_C_Bulk,PKR-09,2026-01-02 02:04:00,2026-01-02 03:24:00,15,15,15,10.0,6.84
ORD-10080,SKU-107,Zone_A_HighBay,PKR-05,2026-01-02 02:17:00,2026-01-02 04:11:00,5,5,24,10.0,6.12
ORD-10081,SKU-113,Zone_B_Mezzanine,PKR-03,2026-01-02 02:28:00,2026-01-02 03:33:00,13,13,23,10.0,6.39
ORD-10082,SKU-122,Zone_A_HighBay,PKR-05,2026-01-02 02:47:00,2026-01-02 04:08:00,5,5,6,10.0,9.16
ORD-10083,SKU-139,Zone_B_Mezzanine,PKR-05,2026-01-02 03:12:00,2026-01-02 05:38:00,11,12,24,10.0,7.01
ORD-10084,SKU-120,Zone_A_HighBay,PKR-05,2026-01-02 03:13:00,2026-01-02 05:03:00,10,10,5,10.0,6.37
ORD-10085,SKU-115,Zone_A_HighBay,PKR-03,2026-01-02 03:34:00,2026-01-02 05:12:00,13,13,12,10.0,6.34
ORD-10086,SKU-144,Zone_B_Mezzanine,PKR-04,2026-01-02 03:50:00,2026-01-02 05:52:00,9,8,18,10.0,8.3
ORD-10087,SKU-117,Zone_A_HighBay,PKR-09,2026-01-02 04:08:00,2026-01-02 05:23:00,14,14,13,10.0,8.73
ORD-10088,SKU-146,Zone_B_Mezzanine,PKR-09,2026-01-02 04:14:00,2026-01-02 05:51:00,18,18,6,10.0,6.82
ORD-10089,SKU-123,Zone_B_Mezzanine,PKR-02,2026-01-02 04:36:00,2026-01-02 06:32:00,15,15,9,10.0,6.07
ORD-10090,SKU-125,Zone_C_Bulk,PKR-08,2026-01-02 04:59:00,2026-01-02 06:09:00,10,10,12,10.0,6.71
ORD-10091,SKU-124,Zone_A_HighBay,PKR-08,2026-01-02 04:48:00,2026-01-02 05:58:00,7,7,20,10.0,6.18
ORD-10092,SKU-144,Zone_A_HighBay,PKR-07,2026-01-02 05:12:00,2026-01-02 06:24:00,8,8,20,10.0,6.33
ORD-10093,SKU-140,Zone_A_HighBay,PKR-08,2026-01-02 05:41:00,2026-01-02 06:59:00,3,3,17,10.0,7.38
ORD-10094,SKU-128,Zone_C_Bulk,PKR-03,2026-01-02 05:52:00,2026-01-02 08:12:00,15,15,24,10.0,6.74
ORD-10095,SKU-114,Zone_C_Bulk,PKR-06,2026-01-02 05:52:00,2026-01-02 07:37:00,16,16,19,10.0,7.65
ORD-10096,SKU-144,Zone_B_Mezzanine,PKR-01,2026-01-02 06:17:00,2026-01-02 07:18:00,4,4,5,10.0,6.81
ORD-10097,SKU-100,Zone_C_Bulk,PKR-07,2026-01-02 06:26:00,2026-01-02 07:32:00,6,6,7,10.0,9.01
ORD-10098,SKU-124,Zone_B_Mezzanine,PKR-01,2026-01-02 06:52:00,2026-01-02 08:42:00,1,1,10,10.0,8.9
ORD-10099,SKU-106,Zone_B_Mezzanine,PKR-09,2026-01-02 06:58:00,2026-01-02 08:59:00,4,4,18,10.0,7.81
ORD-10100,SKU-108,Zone_A_HighBay,PKR-01,2026-01-02 07:01:00,2026-01-02 08:01:00,11,11,8,10.0,7.13
ORD-10101,SKU-123,Zone_B_Mezzanine,PKR-01,2026-01-02 07:32:00,2026-01-02 09:20:00,12,12,22,10.0,7.22
ORD-10102,SKU-100,Zone_A_HighBay,PKR-07,2026-01-02 07:53:00,2026-01-02 10:06:00,5,5,19,10.0,7.32
ORD-10103,SKU-143,Zone_C_Bulk,PKR-02,2026-01-02 07:46:00,2026-01-02 09:29:00,16,16,13,10.0,8.33
ORD-10104,SKU-107,Zone_B_Mezzanine,PKR-05,2026-01-02 08:10:00,2026-01-02 10:21:00,13,13,22,10.0,7.45
ORD-10105,SKU-123,Zone_B_Mezzanine,PKR-08,2026-01-02 08:23:00,2026-01-02 09:39:00,13,13,7,10.0,8.74
ORD-10106,SKU-110,Zone_A_HighBay,PKR-08,2026-01-02 08:41:00,2026-01-02 11:00:00,17,17,14,10.0,9.02
ORD-10107,SKU-116,Zone_A_HighBay,PKR-03,2026-01-02 09:01:00,2026-01-02 10:07:00,7,7,21,10.0,7.08
ORD-10108,SKU-107,Zone_A_HighBay,PKR-07,2026-01-02 09:14:00,2026-01-02 11:26:00,8,8,11,10.0,7.79
ORD-10109,SKU-134,Zone_A_HighBay,PKR-03,2026-01-02 09:39:00,2026-01-02 10:57:00,13,13,19,10.0,6.3
ORD-10110,SKU-134,Zone_A_HighBay,PKR-06,2026-01-02 09:46:00,2026-01-02 16:23:00,16,16,5,10.0,6.64
ORD-10111,SKU-132,Zone_C_Bulk,PKR-06,2026-01-02 10:10:00,2026-01-02 11:58:00,4,4,15,10.0,7.32
ORD-10112,SKU-104,Zone_B_Mezzanine,PKR-03,2026-01-02 10:28:00,2026-01-02 11:33:00,8,8,21,10.0,6.66
ORD-10113,SKU-141,Zone_A_HighBay,PKR-07,2026-01-02 10:40:00,2026-01-02 11:46:00,16,16,9,10.0,8.8
ORD-10114,SKU-138,Zone_A_HighBay,PKR-03,2026-01-02 10:47:00,2026-01-02 12:59:00,10,10,11,10.0,6.51
ORD-10115,SKU-140,Zone_A_HighBay,PKR-08,2026-01-02 11:06:00,2026-01-02 13:35:00,12,12,23,10.0,7.46
ORD-10116,SKU-127,Zone_B_Mezzanine,PKR-04,2026-01-02 11:05:00,2026-01-02 12:33:00,12,12,19,10.0,7.94
ORD-10117,SKU-106,Zone_B_Mezzanine,PKR-01,2026-01-02 11:31:00,2026-01-02 13:02:00,5,4,7,10.0,8.21
ORD-10118,SKU-108,Zone_C_Bulk,PKR-04,2026-01-02 11:52:00,2026-01-02 12:58:00,16,16,19,10.0,7.23
ORD-10119,SKU-107,Zone_A_HighBay,PKR-07,2026-01-02 12:08:00,2026-01-02 13:49:00,1,1,9,10.0,8.78
ORD-10120,SKU-111,Zone_C_Bulk,PKR-04,2026-01-02 12:17:00,2026-01-02 14:16:00,9,9,16,10.0,7.82
ORD-10121,SKU-133,Zone_C_Bulk,PKR-06,2026-01-02 12:22:00,2026-01-02 13:22:00,12,12,24,10.0,7.41
ORD-10122,SKU-132,Zone_A_HighBay,PKR-09,2026-01-02 12:38:00,2026-01-02 14:37:00,5,5,9,10.0,6.22
ORD-10123,SKU-147,Zone_C_Bulk,PKR-01,2026-01-02 12:50:00,2026-01-02 13:50:00,3,3,7,10.0,7.49
ORD-10124,SKU-122,Zone_A_HighBay,PKR-05,2026-01-02 13:04:00,2026-01-02 15:13:00,5,5,13,10.0,8.63
ORD-10125,SKU-123,Zone_C_Bulk,PKR-07,2026-01-02 13:26:00,2026-01-02 14:31:00,2,2,13,10.0,7.97
ORD-10126,SKU-136,Zone_A_HighBay,PKR-01,2026-01-02 13:54:00,2026-01-02 15:46:00,14,14,11,10.0,8.66
ORD-10127,SKU-134,Zone_C_Bulk,PKR-04,2026-01-02 14:13:00,2026-01-02 16:20:00,2,2,6,10.0,7.58
ORD-10128,SKU-143,Zone_C_Bulk,PKR-06,2026-01-02 14:27:00,2026-01-02 16:13:00,13,13,20,10.0,6.38
ORD-10129,SKU-139,Zone_C_Bulk,PKR-02,2026-01-02 14:25:00,2026-01-02 16:25:00,7,7,13,10.0,6.04
ORD-10130,SKU-121,Zone_B_Mezzanine,PKR-05,2026-01-02 14:54:00,2026-01-02 17:00:00,10,10,17,10.0,6.97
ORD-10131,SKU-126,Zone_A_HighBay,PKR-01,2026-01-02 14:45:00,2026-01-02 16:02:00,13,13,23,10.0,8.23
ORD-10132,SKU-134,Zone_A_HighBay,PKR-06,2026-01-02 15:10:00,2026-01-02 17:17:00,16,16,24,10.0,8.53
ORD-10133,SKU-100,Zone_A_HighBay,PKR-06,2026-01-02 15:33:00,2026-01-02 17:41:00,14,14,21,10.0,6.95
ORD-10134,SKU-134,Zone_A_HighBay,PKR-04,2026-01-02 15:38:00,2026-01-02 17:36:00,11,11,10,10.0,7.59
ORD-10135,SKU-136,Zone_B_Mezzanine,PKR-08,2026-01-02 16:11:00,2026-01-02 18:03:00,10,10,8,10.0,7.35
ORD-10136,SKU-146,Zone_A_HighBay,PKR-04,2026-01-02 16:01:00,2026-01-02 17:15:00,6,6,5,10.0,7.31
ORD-10137,SKU-113,Zone_C_Bulk,PKR-08,2026-01-02 16:26:00,2026-01-02 18:30:00,4,4,22,10.0,6.74
ORD-10138,SKU-102,Zone_B_Mezzanine,PKR-08,2026-01-02 16:33:00,2026-01-02 17:51:00,1,1,23,10.0,6.44
ORD-10139,SKU-100,Zone_C_Bulk,PKR-05,2026-01-02 16:48:00,2026-01-02 18:09:00,7,7,13,10.0,6.63
ORD-10140,SKU-104,Zone_A_HighBay,PKR-04,2026-01-02 17:17:00,2026-01-02 18:55:00,9,9,17,10.0,6.18
ORD-10141,SKU-125,Zone_C_Bulk,PKR-02,2026-01-02 17:29:00,2026-01-02 19:14:00,8,8,12,10.0,6.63
ORD-10142,SKU-113,Zone_C_Bulk,PKR-03,2026-01-02 17:48:00,2026-01-02 18:54:00,5,5,17,10.0,6.03
ORD-10143,SKU-138,Zone_A_HighBay,PKR-03,2026-01-02 17:57:00,2026-01-02 19:31:00,19,19,19,10.0,8.01
ORD-10144,SKU-126,Zone_B_Mezzanine,PKR-04,2026-01-02 18:18:00,2026-01-02 20:17:00,10,10,15,10.0,7.01
ORD-10145,SKU-108,Zone_B_Mezzanine,PKR-04,2026-01-02 18:31:00,2026-01-02 19:55:00,11,11,16,10.0,9.11
ORD-10146,SKU-114,Zone_A_HighBay,PKR-05,2026-01-02 18:35:00,2026-01-02 19:58:00,15,15,18,10.0,6.62
ORD-10147,SKU-114,Zone_B_Mezzanine,PKR-04,2026-01-02 19:00:00,2026-01-02 20:57:00,6,6,8,10.0,7.11
ORD-10148,SKU-125,Zone_A_HighBay,PKR-08,2026-01-02 19:23:00,2026-01-02 20:47:00,15,15,5,10.0,7.15
ORD-10149,SKU-141,Zone_A_HighBay,PKR-06,2026-01-02 19:26:00,2026-01-02 21:28:00,5,5,8,10.0,6.03
ORD-10150,SKU-112,Zone_A_HighBay,PKR-06,2026-01-02 19:48:00,2026-01-02 21:41:00,19,19,23,10.0,8.69
ORD-10151,SKU-131,Zone_A_HighBay,PKR-08,2026-01-02 19:49:00,2026-01-02 21:48:00,19,19,13,10.0,6.1
ORD-10152,SKU-138,Zone_A_HighBay,PKR-07,2026-01-02 20:16:00,2026-01-02 22:26:00,10,10,14,10.0,9.01
ORD-10153,SKU-148,Zone_A_HighBay,PKR-08,2026-01-02 20:40:00,2026-01-02 21:56:00,12,12,8,10.0,8.85
ORD-10154,SKU-131,Zone_C_Bulk,PKR-02,2026-01-02 20:52:00,2026-01-03 02:57:00,4,4,24,10.0,7.71
ORD-10155,SKU-103,Zone_B_Mezzanine,PKR-09,2026-01-02 21:10:00,2026-01-02 22:48:00,18,18,13,10.0,7.74
ORD-10156,SKU-129,Zone_C_Bulk,PKR-01,2026-01-02 21:28:00,2026-01-03 02:14:00,16,16,17,10.0,8.09
ORD-10157,SKU-136,Zone_A_HighBay,PKR-08,2026-01-02 21:15:00,2026-01-03 03:53:00,8,8,16,10.0,7.24
ORD-10158,SKU-122,Zone_A_HighBay,PKR-04,2026-01-02 21:57:00,2026-01-02 23:47:00,4,4,15,10.0,8.07
ORD-10159,SKU-138,Zone_B_Mezzanine,PKR-04,2026-01-02 22:11:00,2026-01-03 04:11:00,12,12,16,10.0,6.14
ORD-10160,SKU-144,Zone_A_HighBay,PKR-05,2026-01-02 22:24:00,2026-01-03 00:44:00,2,2,22,10.0,6.17
ORD-10161,SKU-114,Zone_A_HighBay,PKR-08,2026-01-02 22:38:00,2026-01-03 00:07:00,4,4,16,10.0,7.46
ORD-10162,SKU-142,Zone_B_Mezzanine,PKR-05,2026-01-02 22:52:00,2026-01-03 01:21:00,5,5,20,10.0,7.76
ORD-10163,SKU-128,Zone_A_HighBay,PKR-08,2026-01-02 22:54:00,2026-01-03 01:10:00,3,3,9,10.0,8.84
ORD-10164,SKU-135,Zone_B_Mezzanine,PKR-01,2026-01-02 23:14:00,2026-01-03 01:05:00,9,9,24,10.0,6.33
ORD-10165,SKU-112,Zone_B_Mezzanine,PKR-09,2026-01-02 23:37:00,2026-01-03 03:54:00,18,18,16,10.0,8.63
ORD-10166,SKU-131,Zone_A_HighBay,PKR-06,2026-01-02 23:50:00,2026-01-03 01:19:00,11,11,15,10.0,6.67
ORD-10167,SKU-106,Zone_A_HighBay,PKR-03,2026-01-03 00:05:00,2026-01-03 02:17:00,3,3,13,10.0,7.26
ORD-10168,SKU-121,Zone_B_Mezzanine,PKR-08,2026-01-03 00:10:00,2026-01-03 02:39:00,2,2,22,10.0,7.01
ORD-10169,SKU-127,Zone_A_HighBay,PKR-09,2026-01-03 00:27:00,2026-01-03 01:30:00,9,9,7,10.0,7.28
ORD-10170,SKU-101,Zone_A_HighBay,PKR-06,2026-01-03 00:34:00,2026-01-03 01:45:00,14,14,24,10.0,6.48
ORD-10171,SKU-141,Zone_C_Bulk,PKR-07,2026-01-03 00:45:00,2026-01-03 05:49:00,4,4,21,10.0,7.61
ORD-10172,SKU-144,Zone_A_HighBay,PKR-01,2026-01-03 01:23:00,2026-01-03 03:13:00,9,9,18,10.0,8.57
ORD-10173,SKU-105,Zone_B_Mezzanine,PKR-05,2026-01-03 01:26:00,2026-01-03 03:24:00,13,13,5,10.0,7.41
ORD-10174,SKU-127,Zone_C_Bulk,PKR-05,2026-01-03 01:40:00,2026-01-03 02:41:00,18,18,21,10.0,7.57
ORD-10175,SKU-127,Zone_A_HighBay,PKR-04,2026-01-03 02:01:00,2026-01-03 03:57:00,15,15,12,10.0,8.72
ORD-10176,SKU-143,Zone_A_HighBay,PKR-06,2026-01-03 02:03:00,2026-01-03 03:06:00,10,10,9,10.0,8.26
ORD-10177,SKU-143,Zone_A_HighBay,PKR-07,2026-01-03 02:29:00,2026-01-03 04:24:00,16,16,9,10.0,7.57
ORD-10178,SKU-119,Zone_A_HighBay,PKR-09,2026-01-03 02:54:00,2026-01-03 04:50:00,12,12,13,10.0,6.82
ORD-10179,SKU-129,Zone_A_HighBay,PKR-01,2026-01-03 03:14:00,2026-01-03 05:06:00,5,5,7,10.0,8.83
ORD-10180,SKU-110,Zone_B_Mezzanine,PKR-06,2026-01-03 03:08:00,2026-01-03 05:37:00,2,2,23,10.0,7.85
ORD-10181,SKU-127,Zone_A_HighBay,PKR-07,2026-01-03 03:35:00,2026-01-03 05:14:00,10,10,13,10.0,6.71
ORD-10182,SKU-124,Zone_B_Mezzanine,PKR-03,2026-01-03 03:49:00,2026-01-03 05:24:00,1,1,22,10.0,6.86
ORD-10183,SKU-138,Zone_C_Bulk,PKR-08,2026-01-03 04:03:00,2026-01-03 05:56:00,7,7,20,10.0,8.57
ORD-10184,SKU-132,Zone_C_Bulk,PKR-05,2026-01-03 04:18:00,2026-01-03 06:41:00,17,17,5,10.0,6.14
ORD-10185,SKU-100,Zone_B_Mezzanine,PKR-09,2026-01-03 04:26:00,2026-01-03 06:13:00,16,16,6,10.0,9.17
ORD-10186,SKU-126,Zone_A_HighBay,PKR-05,2026-01-03 04:34:00,2026-01-03 07:03:00,3,3,18,10.0,6.42
ORD-10187,SKU-112,Zone_B_Mezzanine,PKR-09,2026-01-03 04:54:00,2026-01-03 06:52:00,14,14,18,10.0,8.55
ORD-10188,SKU-140,Zone_B_Mezzanine,PKR-04,2026-01-03 05:16:00,2026-01-03 07:20:00,10,10,5,10.0,7.26
ORD-10189,SKU-102,Zone_A_HighBay,PKR-09,2026-01-03 05:19:00,2026-01-03 06:23:00,7,7,20,10.0,7.58
ORD-10190,SKU-138,Zone_A_HighBay,PKR-05,2026-01-03 05:51:00,2026-01-03 07:51:00,17,17,19,10.0,8.82
ORD-10191,SKU-105,Zone_C_Bulk,PKR-09,2026-01-03 06:00:00,2026-01-03 07:33:00,6,6,19,10.0,7.32
ORD-10192,SKU-107,Zone_A_HighBay,PKR-03,2026-01-03 06:06:00,2026-01-03 07:21:00,4,4,16,10.0,7.72
ORD-10193,SKU-126,Zone_A_HighBay,PKR-04,2026-01-03 06:42:00,2026-01-03 08:44:00,17,17,20,10.0,6.16
ORD-10194,SKU-108,Zone_A_HighBay,PKR-09,2026-01-03 06:38:00,2026-01-03 08:36:00,9,9,18,10.0,6.01
ORD-10195,SKU-136,Zone_A_HighBay,PKR-06,2026-01-03 06:47:00,2026-01-03 08:01:00,4,4,19,10.0,6.78
ORD-10196,SKU-132,Zone_C_Bulk,PKR-02,2026-01-03 07:14:00,2026-01-03 09:07:00,7,7,19,10.0,8.18
ORD-10197,SKU-141,Zone_B_Mezzanine,PKR-07,2026-01-03 07:30:00,2026-01-03 09:33:00,2,2,23,10.0,6.39
ORD-10198,SKU-143,Zone_B_Mezzanine,PKR-02,2026-01-03 07:47:00,2026-01-03 09:47:00,17,17,12,10.0,6.36
ORD-10199,SKU-123,Zone_A_HighBay,PKR-02,2026-01-03 07:58:00,2026-01-03 09:13:00,8,8,6,10.0,7.32
ORD-10200,SKU-114,Zone_A_HighBay,PKR-01,2026-01-03 08:02:00,2026-01-03 14:22:00,15,15,6,10.0,8.07
ORD-10201,SKU-131,Zone_A_HighBay,PKR-03,2026-01-03 08:26:00,2026-01-03 10:28:00,15,15,14,10.0,8.28
ORD-10202,SKU-131,Zone_A_HighBay,PKR-06,2026-01-03 08:38:00,2026-01-03 10:50:00,8,8,7,10.0,6.57
ORD-10203,SKU-123,Zone_A_HighBay,PKR-08,2026-01-03 09:12:00,2026-01-03 11:00:00,16,16,21,10.0,6.25
ORD-10204,SKU-140,Zone_B_Mezzanine,PKR-09,2026-01-03 09:06:00,2026-01-03 10:42:00,19,19,12,10.0,9.01
ORD-10205,SKU-148,Zone_A_HighBay,PKR-07,2026-01-03 09:23:00,2026-01-03 11:14:00,11,11,8,10.0,6.83
ORD-10206,SKU-148,Zone_B_Mezzanine,PKR-04,2026-01-03 09:42:00,2026-01-03 12:04:00,2,2,18,10.0,8.73
ORD-10207,SKU-111,Zone_A_HighBay,PKR-06,2026-01-03 10:02:00,2026-01-03 11:55:00,17,17,14,10.0,8.76
ORD-10208,SKU-138,Zone_A_HighBay,PKR-05,2026-01-03 10:04:00,2026-01-03 11:08:00,16,16,5,10.0,8.47
ORD-10209,SKU-101,Zone_A_HighBay,PKR-08,2026-01-03 10:27:00,2026-01-03 15:43:00,15,15,8,10.0,6.54
ORD-10210,SKU-102,Zone_C_Bulk,PKR-01,2026-01-03 10:33:00,2026-01-03 16:22:00,13,13,5,10.0,8.63
ORD-10211,SKU-148,Zone_C_Bulk,PKR-01,2026-01-03 10:46:00,2026-01-03 13:05:00,15,15,21,10.0,8.46
ORD-10212,SKU-136,Zone_C_Bulk,PKR-06,2026-01-03 11:15:00,2026-01-03 12:34:00,4,4,21,10.0,7.91
ORD-10213,SKU-148,Zone_A_HighBay,PKR-02,2026-01-03 11:23:00,2026-01-03 13:42:00,16,16,11,10.0,7.08
ORD-10214,SKU-116,Zone_A_HighBay,PKR-05,2026-01-03 11:38:00,2026-01-03 13:44:00,12,12,24,10.0,6.84
ORD-10215,SKU-148,Zone_B_Mezzanine,PKR-01,2026-01-03 11:50:00,2026-01-03 14:02:00,4,4,19,10.0,6.39
ORD-10216,SKU-101,Zone_A_HighBay,PKR-07,2026-01-03 12:10:00,2026-01-03 13:12:00,3,3,17,10.0,7.63
ORD-10217,SKU-101,Zone_C_Bulk,PKR-01,2026-01-03 12:36:00,2026-01-03 14:32:00,17,16,6,10.0,7.87
ORD-10218,SKU-127,Zone_A_HighBay,PKR-04,2026-01-03 12:53:00,2026-01-03 14:34:00,18,18,23,10.0,7.15
ORD-10219,SKU-122,Zone_A_HighBay,PKR-09,2026-01-03 13:06:00,2026-01-03 14:11:00,18,18,17,10.0,7.52
ORD-10220,SKU-136,Zone_A_HighBay,PKR-01,2026-01-03 13:00:00,2026-01-03 14:06:00,17,17,15,10.0,7.16
ORD-10221,SKU-131,Zone_A_HighBay,PKR-04,2026-01-03 13:18:00,2026-01-03 15:31:00,12,12,19,10.0,8.05
ORD-10222,SKU-132,Zone_B_Mezzanine,PKR-06,2026-01-03 13:42:00,2026-01-03 16:06:00,4,4,14,10.0,8.88
ORD-10223,SKU-100,Zone_A_HighBay,PKR-06,2026-01-03 14:07:00,2026-01-03 19:16:00,12,12,13,10.0,6.52
ORD-10224,SKU-118,Zone_A_HighBay,PKR-08,2026-01-03 14:12:00,2026-01-03 18:49:00,15,15,13,10.0,7.22
ORD-10225,SKU-101,Zone_A_HighBay,PKR-01,2026-01-03 14:27:00,2026-01-03 16:09:00,16,16,24,10.0,6.45
ORD-10226,SKU-143,Zone_A_HighBay,PKR-07,2026-01-03 14:31:00,2026-01-03 15:40:00,5,5,5,10.0,8.0
ORD-10227,SKU-125,Zone_B_Mezzanine,PKR-01,2026-01-03 14:53:00,2026-01-03 16:06:00,15,15,21,10.0,8.33
ORD-10228,SKU-131,Zone_C_Bulk,PKR-07,2026-01-03 15:23:00,2026-01-03 17:31:00,17,17,16,10.0,8.98
ORD-10229,SKU-105,Zone_C_Bulk,PKR-03,2026-01-03 15:22:00,2026-01-03 17:01:00,18,18,14,10.0,6.89
ORD-10230,SKU-131,Zone_B_Mezzanine,PKR-08,2026-01-03 15:36:00,2026-01-03 17:47:00,5,5,9,10.0,9.04
ORD-10231,SKU-103,Zone_A_HighBay,PKR-03,2026-01-03 15:48:00,2026-01-03 17:14:00,13,13,22,10.0,6.2
ORD-10232,SKU-110,Zone_B_Mezzanine,PKR-01,2026-01-03 16:17:00,2026-01-03 17:28:00,19,19,19,10.0,7.93
ORD-10233,SKU-116,Zone_A_HighBay,PKR-08,2026-01-03 16:17:00,2026-01-03 17:48:00,13,13,10,10.0,6.18
ORD-10234,SKU-137,Zone_A_HighBay,PKR-03,2026-01-03 16:57:00,2026-01-03 18:02:00,18,18,11,10.0,8.86
ORD-10235,SKU-123,Zone_C_Bulk,PKR-02,2026-01-03 16:50:00,2026-01-03 19:02:00,14,14,21,10.0,7.7
ORD-10236,SKU-104,Zone_A_HighBay,PKR-01,2026-01-03 17:11:00,2026-01-03 18:41:00,4,4,10,10.0,8.14
ORD-10237,SKU-133,Zone_C_Bulk,PKR-03,2026-01-03 17:26:00,2026-01-03 18:39:00,4,4,12,10.0,8.66
ORD-10238,SKU-105,Zone_A_HighBay,PKR-02,2026-01-03 17:50:00,2026-01-03 23:17:00,19,19,16,10.0,6.48
ORD-10239,SKU-121,Zone_B_Mezzanine,PKR-02,2026-01-03 18:12:00,2026-01-03 20:02:00,13,13,18,10.0,6.12
ORD-10240,SKU-110,Zone_B_Mezzanine,PKR-06,2026-01-03 18:07:00,2026-01-03 19:19:00,12,12,16,10.0,8.81
ORD-10241,SKU-147,Zone_C_Bulk,PKR-01,2026-01-03 18:36:00,2026-01-03 20:21:00,7,7,14,10.0,7.01
ORD-10242,SKU-115,Zone_B_Mezzanine,PKR-02,2026-01-03 18:51:00,2026-01-03 20:47:00,12,12,24,10.0,6.41
ORD-10243,SKU-132,Zone_B_Mezzanine,PKR-06,2026-01-03 18:45:00,2026-01-03 20:28:00,4,4,19,10.0,7.5
ORD-10244,SKU-108,Zone_A_HighBay,PKR-03,2026-01-03 19:03:00,2026-01-04 00:25:00,2,2,11,10.0,7.91
ORD-10245,SKU-105,Zone_B_Mezzanine,PKR-04,2026-01-03 19:35:00,2026-01-03 21:49:00,2,2,13,10.0,6.1
ORD-10246,SKU-115,Zone_A_HighBay,PKR-01,2026-01-03 19:57:00,2026-01-04 01:12:00,5,5,14,10.0,6.88
ORD-10247,SKU-128,Zone_B_Mezzanine,PKR-08,2026-01-03 19:55:00,2026-01-03 22:00:00,10,10,14,10.0,6.1
ORD-10248,SKU-102,Zone_B_Mezzanine,PKR-07,2026-01-03 20:02:00,2026-01-03 22:02:00,10,10,20,10.0,7.35
ORD-10249,SKU-119,Zone_B_Mezzanine,PKR-07,2026-01-03 20:27:00,2026-01-03 22:44:00,9,9,11,10.0,8.86
ORD-10250,SKU-135,Zone_A_HighBay,PKR-03,2026-01-03 20:54:00,2026-01-03 22:42:00,13,13,9,10.0,9.14
ORD-10251,SKU-118,Zone_A_HighBay,PKR-03,2026-01-03 21:01:00,2026-01-03 23:30:00,7,7,7,10.0,8.04
ORD-10252,SKU-125,Zone_B_Mezzanine,PKR-02,2026-01-03 21:21:00,2026-01-03 22:54:00,5,5,22,10.0,6.52
ORD-10253,SKU-102,Zone_A_HighBay,PKR-01,2026-01-03 21:36:00,2026-01-03 23:20:00,10,10,15,10.0,8.9
ORD-10254,SKU-118,Zone_A_HighBay,PKR-07,2026-01-03 21:39:00,2026-01-03 23:23:00,10,10,19,10.0,7.65
ORD-10255,SKU-119,Zone_A_HighBay,PKR-07,2026-01-03 22:05:00,2026-01-04 00:20:00,6,6,24,10.0,6.49
ORD-10256,SKU-131,Zone_C_Bulk,PKR-02,2026-01-03 22:11:00,2026-01-04 00:28:00,19,18,9,10.0,8.95
ORD-10257,SKU-106,Zone_B_Mezzanine,PKR-07,2026-01-03 22:29:00,2026-01-03 23:58:00,8,8,16,10.0,8.42
ORD-10258,SKU-140,Zone_A_HighBay,PKR-08,2026-01-03 22:50:00,2026-01-04 00:58:00,1,1,8,10.0,8.34
ORD-10259,SKU-132,Zone_A_HighBay,PKR-01,2026-01-03 22:54:00,2026-01-04 00:11:00,17,17,19,10.0,8.27
ORD-10260,SKU-139,Zone_A_HighBay,PKR-09,2026-01-03 23:13:00,2026-01-04 00:28:00,7,7,13,10.0,6.64
ORD-10261,SKU-138,Zone_B_Mezzanine,PKR-07,2026-01-03 23:27:00,2026-01-04 01:19:00,14,14,11,10.0,6.68
ORD-10262,SKU-117,Zone_B_Mezzanine,PKR-03,2026-01-03 23:34:00,2026-01-04 01:32:00,17,17,14,10.0,8.2
ORD-10263,SKU-139,Zone_A_HighBay,PKR-08,2026-01-03 23:50:00,2026-01-04 01:39:00,9,9,17,10.0,6.7
ORD-10264,SKU-100,Zone_A_HighBay,PKR-07,2026-01-04 00:23:00,2026-01-04 02:22:00,17,17,12,10.0,7.4
ORD-10265,SKU-110,Zone_A_HighBay,PKR-08,2026-01-04 00:16:00,2026-01-04 02:07:00,5,5,16,10.0,8.5
ORD-10266,SKU-127,Zone_B_Mezzanine,PKR-06,2026-01-04 00:51:00,2026-01-04 02:16:00,8,8,23,10.0,8.51
ORD-10267,SKU-124,Zone_B_Mezzanine,PKR-09,2026-01-04 01:01:00,2026-01-04 02:17:00,6,6,5,10.0,7.45
ORD-10268,SKU-149,Zone_A_HighBay,PKR-05,2026-01-04 01:03:00,2026-01-04 02:28:00,11,11,20,10.0,8.54
ORD-10269,SKU-122,Zone_A_HighBay,PKR-03,2026-01-04 01:28:00,2026-01-04 03:55:00,19,19,21,10.0,8.68
ORD-10270,SKU-130,Zone_A_HighBay,PKR-03,2026-01-04 01:39:00,2026-01-04 02:51:00,4,4,22,10.0,8.1
ORD-10271,SKU-129,Zone_C_Bulk,PKR-01,2026-01-04 01:47:00,2026-01-04 03:58:00,18,18,15,10.0,6.73
ORD-10272,SKU-141,Zone_A_HighBay,PKR-08,2026-01-04 02:24:00,2026-01-04 03:31:00,1,1,22,10.0,6.88
ORD-10273,SKU-134,Zone_B_Mezzanine,PKR-02,2026-01-04 02:17:00,2026-01-04 04:33:00,13,13,11,10.0,7.01
ORD-10274,SKU-106,Zone_B_Mezzanine,PKR-03,2026-01-04 02:44:00,2026-01-04 03:59:00,14,14,22,10.0,6.37
ORD-10275,SKU-115,Zone_A_HighBay,PKR-08,2026-01-04 02:50:00,2026-01-04 04:09:00,1,1,12,10.0,6.87
ORD-10276,SKU-125,Zone_A_HighBay,PKR-08,2026-01-04 03:16:00,2026-01-04 05:34:00,11,11,10,10.0,6.67
ORD-10277,SKU-147,Zone_A_HighBay,PKR-04,2026-01-04 03:26:00,2026-01-04 04:49:00,17,17,11,10.0,7.46
ORD-10278,SKU-148,Zone_B_Mezzanine,PKR-04,2026-01-04 03:51:00,2026-01-04 10:27:00,4,4,14,10.0,8.91
ORD-10279,SKU-101,Zone_B_Mezzanine,PKR-05,2026-01-04 04:04:00,2026-01-04 06:00:00,12,12,15,10.0,6.33
ORD-10280,SKU-100,Zone_B_Mezzanine,PKR-06,2026-01-04 04:23:00,2026-01-04 05:36:00,10,10,17,10.0,8.3
ORD-10281,SKU-147,Zone_B_Mezzanine,PKR-05,2026-01-04 04:43:00,2026-01-04 06:14:00,6,6,13,10.0,8.2
ORD-10282,SKU-111,Zone_A_HighBay,PKR-07,2026-01-04 04:40:00,2026-01-04 10:07:00,1,1,11,10.0,6.31
ORD-10283,SKU-104,Zone_C_Bulk,PKR-02,2026-01-04 05:09:00,2026-01-04 06:12:00,7,7,13,10.0,8.95
ORD-10284,SKU-136,Zone_B_Mezzanine,PKR-07,2026-01-04 05:03:00,2026-01-04 06:21:00,16,16,17,10.0,7.82
ORD-10285,SKU-131,Zone_A_HighBay,PKR-07,2026-01-04 05:40:00,2026-01-04 08:01:00,14,14,7,10.0,7.16
ORD-10286,SKU-108,Zone_C_Bulk,PKR-01,2026-01-04 05:57:00,2026-01-04 07:38:00,6,6,7,10.0,8.42
ORD-10287,SKU-140,Zone_B_Mezzanine,PKR-07,2026-01-04 06:10:00,2026-01-04 07:23:00,5,5,5,10.0,6.82
ORD-10288,SKU-134,Zone_B_Mezzanine,PKR-05,2026-01-04 06:05:00,2026-01-04 07:43:00,18,18,24,10.0,8.22
ORD-10289,SKU-118,Zone_B_Mezzanine,PKR-03,2026-01-04 06:15:00,2026-01-04 08:44:00,15,15,6,10.0,6.13
ORD-10290,SKU-147,Zone_C_Bulk,PKR-03,2026-01-04 06:49:00,2026-01-04 08:24:00,6,6,7,10.0,8.69
ORD-10291,SKU-115,Zone_B_Mezzanine,PKR-04,2026-01-04 07:07:00,2026-01-04 08:22:00,19,19,19,10.0,7.43
ORD-10292,SKU-102,Zone_A_HighBay,PKR-02,2026-01-04 07:27:00,2026-01-04 12:03:00,1,1,10,10.0,8.04
ORD-10293,SKU-119,Zone_A_HighBay,PKR-02,2026-01-04 07:30:00,2026-01-04 09:15:00,1,1,17,10.0,6.71
ORD-10294,SKU-123,Zone_C_Bulk,PKR-01,2026-01-04 07:44:00,2026-01-04 10:05:00,13,13,5,10.0,8.17
ORD-10295,SKU-132,Zone_A_HighBay,PKR-05,2026-01-04 08:01:00,2026-01-04 09:46:00,3,3,24,10.0,8.47
ORD-10296,SKU-123,Zone_A_HighBay,PKR-04,2026-01-04 08:07:00,2026-01-04 12:13:00,10,10,23,10.0,7.51
ORD-10297,SKU-110,Zone_A_HighBay,PKR-02,2026-01-04 08:42:00,2026-01-04 10:21:00,3,3,5,10.0,7.98
ORD-10298,SKU-148,Zone_A_HighBay,PKR-03,2026-01-04 08:55:00,2026-01-04 10:09:00,9,9,6,10.0,7.46
ORD-10299,SKU-107,Zone_B_Mezzanine,PKR-07,2026-01-04 08:56:00,2026-01-04 14:16:00,8,8,19,10.0,8.86
ORD-10300,SKU-135,Zone_C_Bulk,PKR-07,2026-01-04 09:26:00,2026-01-04 10:30:00,3,3,18,10.0,7.59
ORD-10301,SKU-137,Zone_A_HighBay,PKR-04,2026-01-04 09:36:00,2026-01-04 10:46:00,13,13,23,10.0,8.69
ORD-10302,SKU-139,Zone_A_HighBay,PKR-05,2026-01-04 09:50:00,2026-01-04 11:15:00,6,6,15,10.0,8.56
ORD-10303,SKU-119,Zone_A_HighBay,PKR-05,2026-01-04 09:54:00,2026-01-04 11:28:00,13,13,19,10.0,7.31
ORD-10304,SKU-134,Zone_C_Bulk,PKR-06,2026-01-04 10:26:00,2026-01-04 12:01:00,12,12,10,10.0,6.74
ORD-10305,SKU-147,Zone_B_Mezzanine,PKR-09,2026-01-04 10:29:00,2026-01-04 11:40:00,13,13,24,10.0,7.3
ORD-10306,SKU-124,Zone_A_HighBay,PKR-02,2026-01-04 10:59:00,2026-01-04 12:20:00,2,2,13,10.0,8.64
ORD-10307,SKU-134,Zone_C_Bulk,PKR-05,2026-01-04 10:53:00,2026-01-04 12:43:00,16,16,9,10.0,6.73
ORD-10308,SKU-124,Zone_C_Bulk,PKR-03,2026-01-04 11:01:00,2026-01-04 12:35:00,6,6,24,10.0,7.68
ORD-10309,SKU-128,Zone_C_Bulk,PKR-04,2026-01-04 11:19:00,2026-01-04 15:22:00,19,19,6,10.0,8.58
ORD-10310,SKU-117,Zone_C_Bulk,PKR-06,2026-01-04 11:35:00,2026-01-04 13:22:00,13,13,10,10.0,7.13
ORD-10311,SKU-145,Zone_A_HighBay,PKR-08,2026-01-04 11:51:00,2026-01-04 13:12:00,17,17,22,10.0,8.06
ORD-10312,SKU-117,Zone_B_Mezzanine,PKR-01,2026-01-04 12:20:00,2026-01-04 13:22:00,9,9,23,10.0,6.79
ORD-10313,SKU-101,Zone_A_HighBay,PKR-08,2026-01-04 12:39:00,2026-01-04 14:39:00,17,17,13,10.0,6.35
ORD-10314,SKU-134,Zone_C_Bulk,PKR-07,2026-01-04 12:30:00,2026-01-04 13:53:00,2,2,10,10.0,8.54
ORD-10315,SKU-115,Zone_B_Mezzanine,PKR-01,2026-01-04 13:07:00,2026-01-04 15:08:00,19,19,18,10.0,6.32
ORD-10316,SKU-140,Zone_B_Mezzanine,PKR-02,2026-01-04 13:25:00,2026-01-04 15:41:00,19,19,17,10.0,6.87
ORD-10317,SKU-135,Zone_B_Mezzanine,PKR-03,2026-01-04 13:21:00,2026-01-04 15:40:00,7,7,15,10.0,8.74
ORD-10318,SKU-132,Zone_A_HighBay,PKR-01,2026-01-04 13:49:00,2026-01-04 15:13:00,10,10,16,10.0,7.11
ORD-10319,SKU-103,Zone_B_Mezzanine,PKR-09,2026-01-04 14:09:00,2026-01-04 16:35:00,10,10,23,10.0,9.11
ORD-10320,SKU-132,Zone_C_Bulk,PKR-08,2026-01-04 14:29:00,2026-01-04 20:37:00,9,9,23,10.0,9.14
ORD-10321,SKU-113,Zone_C_Bulk,PKR-02,2026-01-04 14:26:00,2026-01-04 16:22:00,17,17,23,10.0,6.86
ORD-10322,SKU-120,Zone_A_HighBay,PKR-09,2026-01-04 14:45:00,2026-01-04 16:13:00,15,15,17,10.0,6.13
ORD-10323,SKU-147,Zone_A_HighBay,PKR-07,2026-01-04 15:00:00,2026-01-04 16:07:00,2,2,18,10.0,8.26
ORD-10324,SKU-119,Zone_A_HighBay,PKR-09,2026-01-04 15:10:00,2026-01-04 16:33:00,4,4,22,10.0,7.44
ORD-10325,SKU-107,Zone_B_Mezzanine,PKR-06,2026-01-04 15:35:00,2026-01-04 17:50:00,19,19,16,10.0,6.32
ORD-10326,SKU-106,Zone_C_Bulk,PKR-06,2026-01-04 15:33:00,2026-01-04 16:49:00,17,17,8,10.0,8.26
ORD-10327,SKU-102,Zone_A_HighBay,PKR-04,2026-01-04 15:57:00,2026-01-04 18:20:00,5,5,14,10.0,6.1
ORD-10328,SKU-116,Zone_B_Mezzanine,PKR-02,2026-01-04 16:06:00,2026-01-04 20:22:00,7,7,21,10.0,8.78
ORD-10329,SKU-132,Zone_C_Bulk,PKR-07,2026-01-04 16:18:00,2026-01-04 18:11:00,18,18,8,10.0,6.44
ORD-10330,SKU-147,Zone_B_Mezzanine,PKR-05,2026-01-04 16:44:00,2026-01-04 19:11:00,7,7,16,10.0,6.41
ORD-10331,SKU-111,Zone_B_Mezzanine,PKR-06,2026-01-04 17:03:00,2026-01-04 18:48:00,17,17,17,10.0,6.56
ORD-10332,SKU-121,Zone_B_Mezzanine,PKR-02,2026-01-04 17:08:00,2026-01-04 18:50:00,7,7,8,10.0,9.07
ORD-10333,SKU-121,Zone_B_Mezzanine,PKR-05,2026-01-04 17:25:00,2026-01-04 19:32:00,4,4,14,10.0,8.22
ORD-10334,SKU-145,Zone_A_HighBay,PKR-04,2026-01-04 17:37:00,2026-01-04 19:29:00,8,8,7,10.0,8.56
ORD-10335,SKU-129,Zone_B_Mezzanine,PKR-09,2026-01-04 17:45:00,2026-01-04 19:58:00,13,13,19,10.0,7.27
ORD-10336,SKU-137,Zone_B_Mezzanine,PKR-06,2026-01-04 18:22:00,2026-01-04 19:27:00,4,4,6,10.0,7.08
ORD-10337,SKU-137,Zone_C_Bulk,PKR-02,2026-01-04 18:39:00,2026-01-04 23:17:00,6,6,21,10.0,6.75
ORD-10338,SKU-144,Zone_B_Mezzanine,PKR-01,2026-01-04 18:53:00,2026-01-04 20:30:00,5,5,10,10.0,7.54
ORD-10339,SKU-107,Zone_B_Mezzanine,PKR-05,2026-01-04 18:52:00,2026-01-04 21:11:00,12,12,12,10.0,7.77
ORD-10340,SKU-126,Zone_A_HighBay,PKR-09,2026-01-04 19:12:00,2026-01-04 21:33:00,4,4,7,10.0,8.02
ORD-10341,SKU-126,Zone_A_HighBay,PKR-06,2026-01-04 19:36:00,2026-01-04 21:38:00,9,9,22,10.0,6.82
ORD-10342,SKU-133,Zone_A_HighBay,PKR-07,2026-01-04 19:56:00,2026-01-04 21:13:00,4,4,5,10.0,9.04
ORD-10343,SKU-120,Zone_A_HighBay,PKR-05,2026-01-04 19:48:00,2026-01-04 21:18:00,19,19,20,10.0,6.54
ORD-10344,SKU-129,Zone_B_Mezzanine,PKR-06,2026-01-04 20:07:00,2026-01-04 22:21:00,14,14,11,10.0,9.09
ORD-10345,SKU-132,Zone_C_Bulk,PKR-05,2026-01-04 20:17:00,2026-01-04 22:23:00,5,5,7,10.0,6.05
ORD-10346,SKU-127,Zone_A_HighBay,PKR-09,2026-01-04 20:58:00,2026-01-04 22:23:00,18,18,8,10.0,7.54
ORD-10347,SKU-146,Zone_A_HighBay,PKR-06,2026-01-04 20:53:00,2026-01-04 22:19:00,10,9,13,10.0,7.07
ORD-10348,SKU-132,Zone_C_Bulk,PKR-08,2026-01-04 21:28:00,2026-01-04 23:07:00,19,19,9,10.0,7.44
ORD-10349,SKU-104,Zone_A_HighBay,PKR-02,2026-01-04 21:16:00,2026-01-04 22:26:00,12,12,23,10.0,7.83
ORD-10350,SKU-147,Zone_B_Mezzanine,PKR-09,2026-01-04 21:31:00,2026-01-04 23:52:00,18,18,19,10.0,7.39
ORD-10351,SKU-118,Zone_B_Mezzanine,PKR-05,2026-01-04 22:12:00,2026-01-05 00:17:00,17,17,12,10.0,7.33
ORD-10352,SKU-103,Zone_B_Mezzanine,PKR-07,2026-01-04 22:12:00,2026-01-05 00:35:00,11,11,10,10.0,8.34
ORD-10353,SKU-134,Zone_A_HighBay,PKR-01,2026-01-04 22:29:00,2026-01-05 00:19:00,3,3,22,10.0,8.19
ORD-10354,SKU-148,Zone_A_HighBay,PKR-05,2026-01-04 22:57:00,2026-01-05 01:17:00,17,17,23,10.0,8.67
ORD-10355,SKU-116,Zone_B_Mezzanine,PKR-02,2026-01-04 23:07:00,2026-01-05 00:36:00,1,1,19,10.0,6.8
ORD-10356,SKU-143,Zone_B_Mezzanine,PKR-06,2026-01-04 23:11:00,2026-01-05 05:39:00,15,15,11,10.0,7.95
ORD-10357,SKU-127,Zone_A_HighBay,PKR-01,2026-01-04 23:40:00,2026-01-05 00:49:00,9,9,14,10.0,7.87
ORD-10358,SKU-129,Zone_B_Mezzanine,PKR-03,2026-01-04 23:33:00,2026-01-05 01:14:00,15,15,10,10.0,7.18
ORD-10359,SKU-128,Zone_A_HighBay,PKR-05,2026-01-05 00:10:00,2026-01-05 02:38:00,3,3,18,10.0,7.56
ORD-10360,SKU-145,Zone_B_Mezzanine,PKR-04,2026-01-05 00:07:00,2026-01-05 01:13:00,19,19,21,10.0,7.0
ORD-10361,SKU-105,Zone_A_HighBay,PKR-03,2026-01-05 00:23:00,2026-01-05 02:29:00,13,13,13,10.0,6.45
ORD-10362,SKU-134,Zone_C_Bulk,PKR-05,2026-01-05 00:52:00,2026-01-05 06:50:00,12,12,23,10.0,6.68
ORD-10363,SKU-140,Zone_A_HighBay,PKR-08,2026-01-05 00:49:00,2026-01-05 01:58:00,1,1,9,10.0,6.34
ORD-10364,SKU-136,Zone_A_HighBay,PKR-04,2026-01-05 01:23:00,2026-01-05 03:14:00,17,17,11,10.0,8.19
ORD-10365,SKU-123,Zone_A_HighBay,PKR-01,2026-01-05 01:34:00,2026-01-05 03:58:00,13,13,23,10.0,8.11
ORD-10366,SKU-128,Zone_A_HighBay,PKR-07,2026-01-05 01:47:00,2026-01-05 04:15:00,1,1,24,10.0,9.04
ORD-10367,SKU-148,Zone_C_Bulk,PKR-08,2026-01-05 01:55:00,2026-01-05 04:22:00,10,10,11,10.0,8.33
ORD-10368,SKU-145,Zone_C_Bulk,PKR-03,2026-01-05 02:14:00,2026-01-05 03:45:00,15,15,6,10.0,6.17
ORD-10369,SKU-130,Zone_A_HighBay,PKR-06,2026-01-05 02:42:00,2026-01-05 06:51:00,7,7,20,10.0,8.83
ORD-10370,SKU-134,Zone_A_HighBay,PKR-02,2026-01-05 02:51:00,2026-01-05 04:32:00,18,18,17,10.0,8.76
ORD-10371,SKU-132,Zone_B_Mezzanine,PKR-07,2026-01-05 02:53:00,2026-01-05 04:48:00,16,16,12,10.0,7.42
ORD-10372,SKU-120,Zone_C_Bulk,PKR-08,2026-01-05 03:16:00,2026-01-05 05:07:00,14,14,10,10.0,7.87
ORD-10373,SKU-131,Zone_B_Mezzanine,PKR-06,2026-01-05 03:41:00,2026-01-05 05:55:00,18,18,10,10.0,9.12
ORD-10374,SKU-122,Zone_A_HighBay,PKR-06,2026-01-05 03:55:00,2026-01-05 05:37:00,7,7,13,10.0,7.7
ORD-10375,SKU-132,Zone_A_HighBay,PKR-05,2026-01-05 03:56:00,2026-01-05 05:28:00,17,17,8,10.0,8.9
ORD-10376,SKU-102,Zone_B_Mezzanine,PKR-08,2026-01-05 04:06:00,2026-01-05 05:35:00,18,18,15,10.0,6.27
ORD-10377,SKU-117,Zone_A_HighBay,PKR-01,2026-01-05 04:24:00,2026-01-05 05:31:00,12,12,9,10.0,6.61
ORD-10378,SKU-124,Zone_B_Mezzanine,PKR-04,2026-01-05 04:54:00,2026-01-05 06:37:00,8,8,21,10.0,7.41
ORD-10379,SKU-141,Zone_A_HighBay,PKR-04,2026-01-05 05:10:00,2026-01-05 06:29:00,2,2,24,10.0,7.87
ORD-10380,SKU-130,Zone_B_Mezzanine,PKR-03,2026-01-05 05:24:00,2026-01-05 07:36:00,7,7,11,10.0,8.61
ORD-10381,SKU-102,Zone_A_HighBay,PKR-03,2026-01-05 05:24:00,2026-01-05 06:58:00,4,4,19,10.0,9.16
ORD-10382,SKU-139,Zone_B_Mezzanine,PKR-04,2026-01-05 05:56:00,2026-01-05 07:23:00,18,18,19,10.0,7.24
ORD-10383,SKU-145,Zone_A_HighBay,PKR-01,2026-01-05 05:57:00,2026-01-05 07:07:00,6,6,18,10.0,6.15
ORD-10384,SKU-123,Zone_B_Mezzanine,PKR-02,2026-01-05 06:18:00,2026-01-05 08:19:00,9,9,17,10.0,8.56
ORD-10385,SKU-149,Zone_A_HighBay,PKR-09,2026-01-05 06:25:00,2026-01-05 07:27:00,9,9,15,10.0,7.93
ORD-10386,SKU-131,Zone_B_Mezzanine,PKR-02,2026-01-05 06:42:00,2026-01-05 08:18:00,14,14,17,10.0,6.64
ORD-10387,SKU-146,Zone_B_Mezzanine,PKR-05,2026-01-05 07:05:00,2026-01-05 09:04:00,8,8,13,10.0,7.58
ORD-10388,SKU-121,Zone_B_Mezzanine,PKR-09,2026-01-05 07:07:00,2026-01-05 08:57:00,19,19,14,10.0,8.38
ORD-10389,SKU-122,Zone_B_Mezzanine,PKR-09,2026-01-05 07:22:00,2026-01-05 08:28:00,3,3,8,10.0,8.47
ORD-10390,SKU-101,Zone_B_Mezzanine,PKR-08,2026-01-05 07:33:00,2026-01-05 08:43:00,18,18,21,10.0,7.6
ORD-10391,SKU-126,Zone_C_Bulk,PKR-01,2026-01-05 07:59:00,2026-01-05 10:23:00,5,5,18,10.0,6.98
ORD-10392,SKU-141,Zone_A_HighBay,PKR-01,2026-01-05 08:27:00,2026-01-05 09:33:00,14,14,22,10.0,9.12
ORD-10393,SKU-101,Zone_C_Bulk,PKR-09,2026-01-05 08:25:00,2026-01-05 10:14:00,4,5,15,10.0,8.12
ORD-10394,SKU-125,Zone_A_HighBay,PKR-08,2026-01-05 08:40:00,2026-01-05 10:55:00,7,7,20,10.0,7.31
ORD-10395,SKU-116,Zone_A_HighBay,PKR-09,2026-01-05 08:45:00,2026-01-05 10:40:00,12,12,5,10.0,6.9
ORD-10396,SKU-139,Zone_A_HighBay,PKR-07,2026-01-05 09:16:00,2026-01-05 10:38:00,2,2,11,10.0,8.34
ORD-10397,SKU-132,Zone_A_HighBay,PKR-03,2026-01-05 09:29:00,2026-01-05 11:00:00,11,11,14,10.0,6.77
ORD-10398,SKU-108,Zone_B_Mezzanine,PKR-03,2026-01-05 09:49:00,2026-01-05 11:49:00,14,14,13,10.0,6.55
ORD-10399,SKU-142,Zone_B_Mezzanine,PKR-02,2026-01-05 09:50:00,2026-01-05 10:56:00,16,16,7,10.0,7.7
ORD-10400,SKU-147,Zone_B_Mezzanine,PKR-05,2026-01-05 10:23:00,2026-01-05 11:39:00,6,6,18,10.0,6.93
ORD-10401,SKU-138,Zone_B_Mezzanine,PKR-03,2026-01-05 10:36:00,2026-01-05 12:50:00,4,4,19,10.0,8.01
ORD-10402,SKU-128,Zone_A_HighBay,PKR-06,2026-01-05 10:57:00,2026-01-05 16:12:00,15,15,6,10.0,6.38
ORD-10403,SKU-141,Zone_A_HighBay,PKR-02,2026-01-05 11:09:00,2026-01-05 13:28:00,1,1,18,10.0,8.1
ORD-10404,SKU-125,Zone_A_HighBay,PKR-03,2026-01-05 11:14:00,2026-01-05 12:34:00,7,7,20,10.0,6.91
ORD-10405,SKU-134,Zone_A_HighBay,PKR-05,2026-01-05 11:23:00,2026-01-05 13:28:00,12,12,11,10.0,6.0
ORD-10406,SKU-149,Zone_A_HighBay,PKR-01,2026-01-05 11:43:00,2026-01-05 13:02:00,10,10,8,10.0,6.41
ORD-10407,SKU-124,Zone_A_HighBay,PKR-01,2026-01-05 12:02:00,2026-01-05 14:26:00,5,5,22,10.0,8.99
ORD-10408,SKU-123,Zone_B_Mezzanine,PKR-09,2026-01-05 12:25:00,2026-01-05 14:22:00,12,12,9,10.0,8.78
ORD-10409,SKU-112,Zone_B_Mezzanine,PKR-07,2026-01-05 12:31:00,2026-01-05 14:07:00,18,18,10,10.0,6.75
ORD-10410,SKU-106,Zone_C_Bulk,PKR-01,2026-01-05 12:47:00,2026-01-05 14:34:00,10,10,11,10.0,8.49
ORD-10411,SKU-135,Zone_C_Bulk,PKR-08,2026-01-05 12:49:00,2026-01-05 14:27:00,6,6,19,10.0,7.95
ORD-10412,SKU-144,Zone_B_Mezzanine,PKR-03,2026-01-05 13:19:00,2026-01-05 15:33:00,12,12,5,10.0,9.11
ORD-10413,SKU-119,Zone_A_HighBay,PKR-08,2026-01-05 13:34:00,2026-01-05 15:48:00,7,7,8,10.0,7.2
ORD-10414,SKU-100,Zone_B_Mezzanine,PKR-05,2026-01-05 13:38:00,2026-01-05 15:54:00,18,18,5,10.0,8.18
ORD-10415,SKU-107,Zone_B_Mezzanine,PKR-01,2026-01-05 13:55:00,2026-01-05 15:29:00,2,2,15,10.0,6.2
ORD-10416,SKU-145,Zone_A_HighBay,PKR-07,2026-01-05 14:23:00,2026-01-05 15:45:00,10,10,22,10.0,7.27
ORD-10417,SKU-115,Zone_A_HighBay,PKR-05,2026-01-05 14:36:00,2026-01-05 16:19:00,15,15,18,10.0,9.08
ORD-10418,SKU-113,Zone_C_Bulk,PKR-06,2026-01-05 14:30:00,2026-01-05 15:57:00,12,12,15,10.0,7.72
ORD-10419,SKU-111,Zone_A_HighBay,PKR-06,2026-01-05 15:02:00,2026-01-05 16:31:00,17,17,14,10.0,6.92
ORD-10420,SKU-122,Zone_B_Mezzanine,PKR-08,2026-01-05 15:05:00,2026-01-05 19:53:00,4,4,21,10.0,6.38
ORD-10421,SKU-114,Zone_B_Mezzanine,PKR-09,2026-01-05 15:41:00,2026-01-05 22:37:00,7,7,8,10.0,8.25
ORD-10422,SKU-127,Zone_A_HighBay,PKR-02,2026-01-05 15:31:00,2026-01-05 17:06:00,9,9,19,10.0,8.06
ORD-10423,SKU-133,Zone_A_HighBay,PKR-09,2026-01-05 15:59:00,2026-01-05 17:30:00,19,19,20,10.0,7.2
ORD-10424,SKU-101,Zone_A_HighBay,PKR-09,2026-01-05 16:28:00,2026-01-05 18:40:00,7,7,17,10.0,9.04
ORD-10425,SKU-131,Zone_A_HighBay,PKR-07,2026-01-05 16:40:00,2026-01-05 18:16:00,2,2,13,10.0,6.07
ORD-10426,SKU-122,Zone_A_HighBay,PKR-01,2026-01-05 16:50:00,2026-01-05 18:13:00,6,6,15,10.0,6.97
ORD-10427,SKU-121,Zone_C_Bulk,PKR-07,2026-01-05 16:58:00,2026-01-05 18:00:00,18,18,15,10.0,8.95
ORD-10428,SKU-124,Zone_A_HighBay,PKR-05,2026-01-05 17:04:00,2026-01-05 19:03:00,6,6,10,10.0,7.03
ORD-10429,SKU-121,Zone_B_Mezzanine,PKR-06,2026-01-05 17:20:00,2026-01-05 18:30:00,13,13,5,10.0,6.81
ORD-10430,SKU-121,Zone_A_HighBay,PKR-07,2026-01-05 17:35:00,2026-01-05 18:51:00,19,19,10,10.0,7.71
ORD-10431,SKU-148,Zone_C_Bulk,PKR-05,2026-01-05 18:14:00,2026-01-05 19:34:00,2,2,17,10.0,8.64
ORD-10432,SKU-141,Zone_A_HighBay,PKR-07,2026-01-05 18:21:00,2026-01-05 20:10:00,12,12,9,10.0,6.33
ORD-10433,SKU-105,Zone_A_HighBay,PKR-09,2026-01-05 18:44:00,2026-01-05 19:58:00,15,15,19,10.0,9.02
ORD-10434,SKU-114,Zone_C_Bulk,PKR-03,2026-01-05 18:47:00,2026-01-05 20:24:00,14,14,22,10.0,8.54
ORD-10435,SKU-142,Zone_C_Bulk,PKR-08,2026-01-05 18:58:00,2026-01-05 21:18:00,6,6,24,10.0,6.58
ORD-10436,SKU-136,Zone_A_HighBay,PKR-02,2026-01-05 19:09:00,2026-01-06 00:19:00,18,18,18,10.0,8.28
ORD-10437,SKU-132,Zone_C_Bulk,PKR-07,2026-01-05 19:28:00,2026-01-05 20:29:00,5,5,19,10.0,7.23
ORD-10438,SKU-107,Zone_A_HighBay,PKR-02,2026-01-05 19:42:00,2026-01-05 21:36:00,18,18,9,10.0,7.29
ORD-10439,SKU-143,Zone_A_HighBay,PKR-04,2026-01-05 20:14:00,2026-01-05 21:35:00,3,3,8,10.0,8.51
ORD-10440,SKU-143,Zone_A_HighBay,PKR-07,2026-01-05 20:02:00,2026-01-06 02:32:00,3,3,6,10.0,9.08
ORD-10441,SKU-104,Zone_A_HighBay,PKR-03,2026-01-05 20:44:00,2026-01-05 21:56:00,10,10,11,10.0,6.41
ORD-10442,SKU-138,Zone_B_Mezzanine,PKR-02,2026-01-05 20:35:00,2026-01-05 22:53:00,19,19,14,10.0,7.35
ORD-10443,SKU-103,Zone_A_HighBay,PKR-07,2026-01-05 21:13:00,2026-01-05 22:50:00,3,4,20,10.0,7.54
ORD-10444,SKU-105,Zone_A_HighBay,PKR-01,2026-01-05 21:07:00,2026-01-06 01:14:00,12,11,14,10.0,7.2
ORD-10445,SKU-144,Zone_B_Mezzanine,PKR-08,2026-01-05 21:26:00,2026-01-05 23:01:00,16,16,22,10.0,7.16
ORD-10446,SKU-131,Zone_B_Mezzanine,PKR-03,2026-01-05 21:42:00,2026-01-06 03:26:00,17,17,21,10.0,6.17
ORD-10447,SKU-129,Zone_A_HighBay,PKR-02,2026-01-05 21:55:00,2026-01-06 04:16:00,7,7,17,10.0,8.19
ORD-10448,SKU-146,Zone_B_Mezzanine,PKR-03,2026-01-05 22:11:00,2026-01-05 23:14:00,13,13,5,10.0,7.4
ORD-10449,SKU-134,Zone_A_HighBay,PKR-05,2026-01-05 22:15:00,2026-01-05 23:50:00,2,2,5,10.0,6.62
ORD-10450,SKU-139,Zone_B_Mezzanine,PKR-08,2026-01-05 22:46:00,2026-01-06 00:34:00,4,4,19,10.0,8.61
ORD-10451,SKU-115,Zone_B_Mezzanine,PKR-07,2026-01-05 23:00:00,2026-01-06 01:03:00,10,10,5,10.0,8.57
ORD-10452,SKU-112,Zone_C_Bulk,PKR-07,2026-01-05 23:10:00,2026-01-06 01:31:00,7,7,10,10.0,7.56
ORD-10453,SKU-149,Zone_A_HighBay,PKR-07,2026-01-05 23:27:00,2026-01-06 01:16:00,17,17,17,10.0,6.96
ORD-10454,SKU-141,Zone_A_HighBay,PKR-08,2026-01-05 23:47:00,2026-01-06 05:03:00,6,6,5,10.0,8.04
ORD-10455,SKU-129,Zone_A_HighBay,PKR-01,2026-01-05 23:55:00,2026-01-06 02:07:00,19,19,9,10.0,6.92
ORD-10456,SKU-118,Zone_A_HighBay,PKR-04,2026-01-06 00:27:00,2026-01-06 01:47:00,5,5,13,10.0,6.76
ORD-10457,SKU-116,Zone_A_HighBay,PKR-06,2026-01-06 00:26:00,2026-01-06 02:49:00,10,10,21,10.0,8.34
ORD-10458,SKU-118,Zone_C_Bulk,PKR-09,2026-01-06 00:35:00,2026-01-06 05:56:00,9,9,20,10.0,6.13
ORD-10459,SKU-127,Zone_A_HighBay,PKR-02,2026-01-06 00:53:00,2026-01-06 03:11:00,13,13,12,10.0,6.3
ORD-10460,SKU-125,Zone_A_HighBay,PKR-01,2026-01-06 01:15:00,2026-01-06 05:53:00,19,19,21,10.0,6.02
ORD-10461,SKU-136,Zone_B_Mezzanine,PKR-02,2026-01-06 01:18:00,2026-01-06 02:22:00,6,6,19,10.0,6.49
ORD-10462,SKU-125,Zone_A_HighBay,PKR-07,2026-01-06 01:32:00,2026-01-06 03:11:00,4,4,5,10.0,6.22
ORD-10463,SKU-122,Zone_B_Mezzanine,PKR-03,2026-01-06 02:12:00,2026-01-06 03:47:00,3,3,16,10.0,9.19
ORD-10464,SKU-108,Zone_A_HighBay,PKR-02,2026-01-06 02:15:00,2026-01-06 03:29:00,3,3,9,10.0,6.92
ORD-10465,SKU-111,Zone_A_HighBay,PKR-07,2026-01-06 02:38:00,2026-01-06 04:50:00,4,4,10,10.0,6.48
ORD-10466,SKU-100,Zone_A_HighBay,PKR-02,2026-01-06 02:56:00,2026-01-06 04:09:00,5,5,5,10.0,6.77
ORD-10467,SKU-100,Zone_A_HighBay,PKR-03,2026-01-06 03:10:00,2026-01-06 04:34:00,8,8,5,10.0,9.0
ORD-10468,SKU-146,Zone_C_Bulk,PKR-07,2026-01-06 03:29:00,2026-01-06 05:05:00,16,16,14,10.0,7.66
ORD-10469,SKU-133,Zone_A_HighBay,PKR-04,2026-01-06 03:39:00,2026-01-06 04:44:00,3,3,14,10.0,7.17
ORD-10470,SKU-131,Zone_B_Mezzanine,PKR-01,2026-01-06 03:41:00,2026-01-06 08:51:00,12,12,7,10.0,8.79
ORD-10471,SKU-147,Zone_A_HighBay,PKR-05,2026-01-06 03:55:00,2026-01-06 05:12:00,8,8,21,10.0,7.26
ORD-10472,SKU-124,Zone_A_HighBay,PKR-09,2026-01-06 04:04:00,2026-01-06 05:27:00,13,13,23,10.0,7.07
ORD-10473,SKU-139,Zone_C_Bulk,PKR-08,2026-01-06 04:39:00,2026-01-06 06:59:00,4,4,15,10.0,6.66
ORD-10474,SKU-144,Zone_A_HighBay,PKR-09,2026-01-06 04:47:00,2026-01-06 06:07:00,14,14,22,10.0,7.21
ORD-10475,SKU-100,Zone_B_Mezzanine,PKR-09,2026-01-06 05:03:00,2026-01-06 06:24:00,14,14,6,10.0,7.01
ORD-10476,SKU-115,Zone_C_Bulk,PKR-07,2026-01-06 05:22:00,2026-01-06 07:36:00,13,13,13,10.0,8.17
ORD-10477,SKU-138,Zone_B_Mezzanine,PKR-04,2026-01-06 05:37:00,2026-01-06 07:51:00,6,6,21,10.0,6.93
ORD-10478,SKU-104,Zone_C_Bulk,PKR-05,2026-01-06 05:35:00,2026-01-06 06:49:00,17,17,18,10.0,7.85
ORD-10479,SKU-121,Zone_A_HighBay,PKR-01,2026-01-06 06:06:00,2026-01-06 07:38:00,4,4,8,10.0,6.21
ORD-10480,SKU-128,Zone_A_HighBay,PKR-01,2026-01-06 06:17:00,2026-01-06 07:41:00,8,8,21,10.0,6.61
ORD-10481,SKU-102,Zone_A_HighBay,PKR-03,2026-01-06 06:40:00,2026-01-06 13:38:00,17,17,21,10.0,7.3
ORD-10482,SKU-111,Zone_B_Mezzanine,PKR-08,2026-01-06 06:35:00,2026-01-06 09:03:00,3,3,16,10.0,9.0
ORD-10483,SKU-125,Zone_C_Bulk,PKR-02,2026-01-06 06:48:00,2026-01-06 08:59:00,17,17,24,10.0,7.21
ORD-10484,SKU-115,Zone_A_HighBay,PKR-04,2026-01-06 07:11:00,2026-01-06 09:03:00,9,9,22,10.0,8.13
ORD-10485,SKU-136,Zone_B_Mezzanine,PKR-02,2026-01-06 07:33:00,2026-01-06 08:59:00,2,2,7,10.0,6.82
ORD-10486,SKU-121,Zone_A_HighBay,PKR-05,2026-01-06 07:58:00,2026-01-06 09:53:00,13,13,15,10.0,6.41
ORD-10487,SKU-128,Zone_B_Mezzanine,PKR-09,2026-01-06 08:11:00,2026-01-06 09:49:00,2,2,22,10.0,6.19
ORD-10488,SKU-113,Zone_A_HighBay,PKR-01,2026-01-06 08:28:00,2026-01-06 10:18:00,11,11,8,10.0,6.98
ORD-10489,SKU-127,Zone_C_Bulk,PKR-05,2026-01-06 08:16:00,2026-01-06 09:34:00,15,15,21,10.0,6.5
ORD-10490,SKU-104,Zone_B_Mezzanine,PKR-09,2026-01-06 08:46:00,2026-01-06 10:48:00,11,11,22,10.0,6.56
ORD-10491,SKU-146,Zone_A_HighBay,PKR-01,2026-01-06 08:55:00,2026-01-06 10:45:00,3,3,9,10.0,8.43
ORD-10492,SKU-148,Zone_A_HighBay,PKR-09,2026-01-06 09:10:00,2026-01-06 10:11:00,3,3,18,10.0,6.05
ORD-10493,SKU-129,Zone_A_HighBay,PKR-08,2026-01-06 09:35:00,2026-01-06 10:38:00,12,12,14,10.0,7.78
ORD-10494,SKU-145,Zone_A_HighBay,PKR-04,2026-01-06 09:45:00,2026-01-06 12:14:00,5,5,19,10.0,7.21
ORD-10495,SKU-104,Zone_A_HighBay,PKR-05,2026-01-06 09:46:00,2026-01-06 11:04:00,7,7,5,10.0,7.62
ORD-10496,SKU-111,Zone_C_Bulk,PKR-05,2026-01-06 10:01:00,2026-01-06 11:23:00,7,7,20,10.0,7.8
ORD-10497,SKU-115,Zone_B_Mezzanine,PKR-06,2026-01-06 10:37:00,2026-01-06 11:46:00,13,13,15,10.0,7.0
ORD-10498,SKU-125,Zone_B_Mezzanine,PKR-07,2026-01-06 10:37:00,2026-01-06 13:05:00,9,9,24,10.0,6.94
ORD-10499,SKU-125,Zone_A_HighBay,PKR-08,2026-01-06 10:57:00,2026-01-06 13:13:00,13,13,10,10.0,8.35
ORD-10500,SKU-147,Zone_C_Bulk,PKR-08,2026-01-06 11:09:00,2026-01-06 13:09:00,12,12,20,10.0,8.79
ORD-10501,SKU-120,Zone_B_Mezzanine,PKR-02,2026-01-06 11:22:00,2026-01-06 13:16:00,13,13,6,10.0,6.62
ORD-10502,SKU-138,Zone_A_HighBay,PKR-09,2026-01-06 11:59:00,2026-01-06 13:50:00,10,10,5,10.0,6.31
ORD-10503,SKU-135,Zone_B_Mezzanine,PKR-07,2026-01-06 11:48:00,2026-01-06 13:12:00,1,1,13,10.0,8.87
ORD-10504,SKU-132,Zone_B_Mezzanine,PKR-04,2026-01-06 12:14:00,2026-01-06 13:34:00,8,8,16,10.0,7.12
ORD-10505,SKU-129,Zone_A_HighBay,PKR-04,2026-01-06 12:44:00,2026-01-06 14:04:00,16,16,21,10.0,7.76
ORD-10506,SKU-136,Zone_A_HighBay,PKR-08,2026-01-06 12:30:00,2026-01-06 14:37:00,13,13,19,10.0,7.15
ORD-10507,SKU-122,Zone_A_HighBay,PKR-04,2026-01-06 12:55:00,2026-01-06 14:00:00,3,3,23,10.0,6.4
ORD-10508,SKU-109,Zone_A_HighBay,PKR-06,2026-01-06 13:06:00,2026-01-06 15:00:00,3,3,14,10.0,7.89
ORD-10509,SKU-104,Zone_C_Bulk,PKR-05,2026-01-06 13:31:00,2026-01-06 14:35:00,5,5,16,10.0,7.68
ORD-10510,SKU-135,Zone_C_Bulk,PKR-03,2026-01-06 13:56:00,2026-01-06 15:26:00,11,11,18,10.0,6.65
ORD-10511,SKU-133,Zone_B_Mezzanine,PKR-02,2026-01-06 14:04:00,2026-01-06 16:27:00,7,7,13,10.0,7.45
ORD-10512,SKU-130,Zone_A_HighBay,PKR-09,2026-01-06 14:23:00,2026-01-06 16:04:00,10,10,17,10.0,8.55
ORD-10513,SKU-109,Zone_A_HighBay,PKR-09,2026-01-06 14:32:00,2026-01-06 18:46:00,10,10,7,10.0,7.89
ORD-10514,SKU-118,Zone_B_Mezzanine,PKR-01,2026-01-06 14:51:00,2026-01-06 15:53:00,2,2,18,10.0,6.31
ORD-10515,SKU-131,Zone_B_Mezzanine,PKR-03,2026-01-06 15:13:00,2026-01-06 16:51:00,3,3,14,10.0,7.75
ORD-10516,SKU-100,Zone_A_HighBay,PKR-08,2026-01-06 15:21:00,2026-01-06 16:36:00,8,8,20,10.0,8.25
ORD-10517,SKU-104,Zone_B_Mezzanine,PKR-06,2026-01-06 15:26:00,2026-01-06 17:25:00,11,11,11,10.0,8.54
ORD-10518,SKU-144,Zone_C_Bulk,PKR-05,2026-01-06 15:38:00,2026-01-06 16:42:00,13,13,8,10.0,8.01
ORD-10519,SKU-103,Zone_A_HighBay,PKR-05,2026-01-06 15:49:00,2026-01-06 17:40:00,7,7,24,10.0,6.49
ORD-10520,SKU-115,Zone_A_HighBay,PKR-06,2026-01-06 16:09:00,2026-01-06 17:54:00,13,13,15,10.0,8.27
ORD-10521,SKU-123,Zone_B_Mezzanine,PKR-07,2026-01-06 16:18:00,2026-01-06 20:34:00,2,2,20,10.0,8.17
ORD-10522,SKU-115,Zone_A_HighBay,PKR-01,2026-01-06 16:34:00,2026-01-06 18:04:00,6,6,24,10.0,6.08
ORD-10523,SKU-101,Zone_A_HighBay,PKR-09,2026-01-06 17:12:00,2026-01-06 18:48:00,9,9,8,10.0,7.32
ORD-10524,SKU-148,Zone_A_HighBay,PKR-03,2026-01-06 17:27:00,2026-01-06 19:31:00,2,2,21,10.0,7.07
ORD-10525,SKU-127,Zone_A_HighBay,PKR-04,2026-01-06 17:24:00,2026-01-06 19:11:00,18,18,17,10.0,8.14
ORD-10526,SKU-131,Zone_B_Mezzanine,PKR-01,2026-01-06 17:40:00,2026-01-06 20:01:00,16,16,15,10.0,6.69
ORD-10527,SKU-126,Zone_B_Mezzanine,PKR-03,2026-01-06 18:05:00,2026-01-06 20:05:00,12,12,7,10.0,7.89
ORD-10528,SKU-119,Zone_A_HighBay,PKR-02,2026-01-06 18:23:00,2026-01-06 20:48:00,7,7,13,10.0,8.92
ORD-10529,SKU-123,Zone_C_Bulk,PKR-02,2026-01-06 18:24:00,2026-01-06 19:24:00,7,7,10,10.0,8.55
ORD-10530,SKU-111,Zone_C_Bulk,PKR-01,2026-01-06 18:57:00,2026-01-06 20:16:00,17,17,15,10.0,8.95
ORD-10531,SKU-149,Zone_C_Bulk,PKR-08,2026-01-06 18:52:00,2026-01-06 20:49:00,13,13,20,10.0,9.13
ORD-10532,SKU-134,Zone_A_HighBay,PKR-03,2026-01-06 19:01:00,2026-01-06 20:02:00,11,11,23,10.0,6.03
ORD-10533,SKU-132,Zone_A_HighBay,PKR-03,2026-01-06 19:37:00,2026-01-06 21:06:00,6,6,9,10.0,7.99
ORD-10534,SKU-132,Zone_C_Bulk,PKR-06,2026-01-06 19:37:00,2026-01-06 21:27:00,14,14,18,10.0,7.32
ORD-10535,SKU-142,Zone_B_Mezzanine,PKR-08,2026-01-06 20:00:00,2026-01-06 21:12:00,6,6,21,10.0,8.75
ORD-10536,SKU-136,Zone_A_HighBay,PKR-09,2026-01-06 20:26:00,2026-01-07 02:55:00,6,6,7,10.0,6.81
ORD-10537,SKU-111,Zone_A_HighBay,PKR-09,2026-01-06 20:36:00,2026-01-06 22:34:00,2,2,8,10.0,9.14
ORD-10538,SKU-102,Zone_A_HighBay,PKR-04,2026-01-06 20:34:00,2026-01-06 22:10:00,15,15,20,10.0,7.96
ORD-10539,SKU-100,Zone_C_Bulk,PKR-05,2026-01-06 21:11:00,2026-01-06 23:21:00,17,17,20,10.0,8.54
ORD-10540,SKU-132,Zone_B_Mezzanine,PKR-02,2026-01-06 21:24:00,2026-01-06 22:24:00,8,8,8,10.0,6.27
ORD-10541,SKU-139,Zone_A_HighBay,PKR-09,2026-01-06 21:43:00,2026-01-06 23:15:00,5,5,23,10.0,6.59
ORD-10542,SKU-109,Zone_A_HighBay,PKR-08,2026-01-06 21:32:00,2026-01-06 22:33:00,17,17,21,10.0,8.43
ORD-10543,SKU-142,Zone_B_Mezzanine,PKR-03,2026-01-06 21:56:00,2026-01-07 00:12:00,1,1,17,10.0,6.07
ORD-10544,SKU-143,Zone_C_Bulk,PKR-09,2026-01-06 22:12:00,2026-01-07 00:02:00,18,18,5,10.0,8.61
ORD-10545,SKU-128,Zone_A_HighBay,PKR-03,2026-01-06 22:27:00,2026-01-06 23:34:00,15,15,16,10.0,6.04
ORD-10546,SKU-112,Zone_B_Mezzanine,PKR-09,2026-01-06 22:39:00,2026-01-07 00:13:00,5,5,8,10.0,8.1
ORD-10547,SKU-111,Zone_C_Bulk,PKR-02,2026-01-06 22:48:00,2026-01-07 00:22:00,7,7,15,10.0,7.17
ORD-10548,SKU-130,Zone_A_HighBay,PKR-09,2026-01-06 23:08:00,2026-01-07 00:16:00,18,18,9,10.0,7.96
ORD-10549,SKU-145,Zone_B_Mezzanine,PKR-08,2026-01-06 23:36:00,2026-01-07 00:44:00,6,6,6,10.0,8.23
ORD-10550,SKU-101,Zone_A_HighBay,PKR-09,2026-01-06 23:53:00,2026-01-07 02:21:00,5,5,21,10.0,7.1
ORD-10551,SKU-149,Zone_B_Mezzanine,PKR-05,2026-01-07 00:07:00,2026-01-07 01:54:00,19,19,12,10.0,6.35
ORD-10552,SKU-134,Zone_B_Mezzanine,PKR-02,2026-01-07 00:26:00,2026-01-07 02:55:00,10,10,10,10.0,6.22
ORD-10553,SKU-122,Zone_B_Mezzanine,PKR-08,2026-01-07 00:16:00,2026-01-07 02:29:00,15,15,13,10.0,7.88
ORD-10554,SKU-116,Zone_B_Mezzanine,PKR-06,2026-01-07 00:48:00,2026-01-07 02:15:00,10,10,17,10.0,7.67
ORD-10555,SKU-125,Zone_A_HighBay,PKR-08,2026-01-07 00:45:00,2026-01-07 02:45:00,16,16,15,10.0,8.38
ORD-10556,SKU-107,Zone_C_Bulk,PKR-05,2026-01-07 01:24:00,2026-01-07 02:52:00,12,12,20,10.0,7.63
ORD-10557,SKU-128,Zone_B_Mezzanine,PKR-02,2026-01-07 01:43:00,2026-01-07 03:39:00,18,18,20,10.0,7.35
ORD-10558,SKU-125,Zone_A_HighBay,PKR-06,2026-01-07 01:36:00,2026-01-07 03:28:00,1,1,6,10.0,7.27
ORD-10559,SKU-109,Zone_B_Mezzanine,PKR-05,2026-01-07 02:01:00,2026-01-07 04:04:00,16,16,14,10.0,6.08
ORD-10560,SKU-125,Zone_B_Mezzanine,PKR-05,2026-01-07 02:02:00,2026-01-07 04:20:00,6,6,16,10.0,7.07
ORD-10561,SKU-133,Zone_A_HighBay,PKR-01,2026-01-07 02:34:00,2026-01-07 04:39:00,3,3,12,10.0,9.12
ORD-10562,SKU-140,Zone_C_Bulk,PKR-02,2026-01-07 02:49:00,2026-01-07 04:05:00,2,2,15,10.0,8.8
ORD-10563,SKU-106,Zone_C_Bulk,PKR-08,2026-01-07 03:05:00,2026-01-07 07:56:00,2,2,14,10.0,7.05
ORD-10564,SKU-103,Zone_A_HighBay,PKR-03,2026-01-07 03:29:00,2026-01-07 05:24:00,13,13,17,10.0,7.88
ORD-10565,SKU-149,Zone_C_Bulk,PKR-03,2026-01-07 03:17:00,2026-01-07 04:34:00,9,9,21,10.0,8.71
ORD-10566,SKU-144,Zone_A_HighBay,PKR-08,2026-01-07 03:32:00,2026-01-07 05:58:00,16,16,11,10.0,7.41
ORD-10567,SKU-110,Zone_A_HighBay,PKR-08,2026-01-07 04:01:00,2026-01-07 05:44:00,5,5,7,10.0,6.06
ORD-10568,SKU-128,Zone_A_HighBay,PKR-02,2026-01-07 04:06:00,2026-01-07 05:54:00,7,7,24,10.0,6.24
ORD-10569,SKU-135,Zone_C_Bulk,PKR-08,2026-01-07 04:41:00,2026-01-07 08:51:00,13,13,17,10.0,7.63
ORD-10570,SKU-124,Zone_B_Mezzanine,PKR-01,2026-01-07 04:55:00,2026-01-07 06:47:00,13,13,23,10.0,9.1
ORD-10571,SKU-120,Zone_A_HighBay,PKR-06,2026-01-07 04:58:00,2026-01-07 06:19:00,7,7,11,10.0,8.22
ORD-10572,SKU-135,Zone_A_HighBay,PKR-08,2026-01-07 05:16:00,2026-01-07 07:29:00,10,10,13,10.0,6.23
ORD-10573,SKU-109,Zone_B_Mezzanine,PKR-03,2026-01-07 05:32:00,2026-01-07 11:01:00,15,15,23,10.0,6.61
ORD-10574,SKU-136,Zone_A_HighBay,PKR-08,2026-01-07 05:42:00,2026-01-07 07:04:00,6,6,17,10.0,8.47
ORD-10575,SKU-108,Zone_C_Bulk,PKR-01,2026-01-07 06:04:00,2026-01-07 07:59:00,5,6,12,10.0,8.69
ORD-10576,SKU-123,Zone_C_Bulk,PKR-09,2026-01-07 06:28:00,2026-01-07 08:40:00,2,2,22,10.0,7.98
ORD-10577,SKU-134,Zone_B_Mezzanine,PKR-09,2026-01-07 06:34:00,2026-01-07 08:39:00,15,15,6,10.0,8.06
ORD-10578,SKU-148,Zone_C_Bulk,PKR-05,2026-01-07 06:50:00,2026-01-07 08:47:00,16,16,22,10.0,6.09
ORD-10579,SKU-134,Zone_A_HighBay,PKR-04,2026-01-07 07:11:00,2026-01-07 08:28:00,19,19,22,10.0,8.65
ORD-10580,SKU-147,Zone_C_Bulk,PKR-06,2026-01-07 07:17:00,2026-01-07 09:07:00,9,9,15,10.0,8.52
ORD-10581,SKU-135,Zone_B_Mezzanine,PKR-07,2026-01-07 07:18:00,2026-01-07 09:40:00,19,19,5,10.0,6.83
ORD-10582,SKU-117,Zone_B_Mezzanine,PKR-05,2026-01-07 07:30:00,2026-01-07 12:26:00,7,7,18,10.0,8.27
ORD-10583,SKU-148,Zone_A_HighBay,PKR-09,2026-01-07 08:02:00,2026-01-07 14:19:00,4,4,20,10.0,6.69
ORD-10584,SKU-138,Zone_C_Bulk,PKR-03,2026-01-07 08:00:00,2026-01-07 09:29:00,3,3,15,10.0,6.13
ORD-10585,SKU-131,Zone_A_HighBay,PKR-07,2026-01-07 08:40:00,2026-01-07 10:15:00,11,11,5,10.0,6.64
ORD-10586,SKU-123,Zone_A_HighBay,PKR-05,2026-01-07 08:55:00,2026-01-07 10:35:00,1,1,11,10.0,6.57
ORD-10587,SKU-122,Zone_A_HighBay,PKR-07,2026-01-07 08:57:00,2026-01-07 11:21:00,6,6,20,10.0,7.08
ORD-10588,SKU-131,Zone_B_Mezzanine,PKR-02,2026-01-07 09:19:00,2026-01-07 10:29:00,11,11,18,10.0,7.34
ORD-10589,SKU-136,Zone_B_Mezzanine,PKR-04,2026-01-07 09:34:00,2026-01-07 12:01:00,1,1,19,10.0,7.63
ORD-10590,SKU-111,Zone_B_Mezzanine,PKR-02,2026-01-07 09:52:00,2026-01-07 10:57:00,7,7,18,10.0,7.53
ORD-10591,SKU-148,Zone_C_Bulk,PKR-07,2026-01-07 09:54:00,2026-01-07 11:39:00,6,6,15,10.0,6.87
ORD-10592,SKU-112,Zone_A_HighBay,PKR-02,2026-01-07 10:26:00,2026-01-07 12:25:00,14,14,20,10.0,6.09
ORD-10593,SKU-122,Zone_B_Mezzanine,PKR-01,2026-01-07 10:25:00,2026-01-07 12:05:00,2,2,23,10.0,7.94
ORD-10594,SKU-124,Zone_A_HighBay,PKR-09,2026-01-07 10:38:00,2026-01-07 12:14:00,4,4,21,10.0,7.27
ORD-10595,SKU-134,Zone_C_Bulk,PKR-01,2026-01-07 10:53:00,2026-01-07 13:12:00,11,11,10,10.0,6.96
ORD-10596,SKU-140,Zone_C_Bulk,PKR-08,2026-01-07 11:04:00,2026-01-07 12:38:00,15,15,15,10.0,8.77
ORD-10597,SKU-129,Zone_B_Mezzanine,PKR-02,2026-01-07 11:40:00,2026-01-07 13:19:00,18,18,21,10.0,8.39
ORD-10598,SKU-116,Zone_B_Mezzanine,PKR-08,2026-01-07 11:30:00,2026-01-07 12:35:00,1,1,13,10.0,8.74
ORD-10599,SKU-148,Zone_A_HighBay,PKR-03,2026-01-07 12:01:00,2026-01-07 14:25:00,3,3,22,10.0,7.58
ORD-10600,SKU-119,Zone_A_HighBay,PKR-06,2026-01-07 12:21:00,2026-01-07 14:46:00,3,3,21,10.0,6.42
ORD-10601,SKU-147,Zone_C_Bulk,PKR-03,2026-01-07 12:16:00,2026-01-07 13:58:00,7,7,16,10.0,8.23
ORD-10602,SKU-124,Zone_A_HighBay,PKR-07,2026-01-07 12:53:00,2026-01-07 14:45:00,1,1,9,10.0,6.66
ORD-10603,SKU-121,Zone_A_HighBay,PKR-09,2026-01-07 12:57:00,2026-01-07 14:27:00,11,11,15,10.0,7.41
ORD-10604,SKU-112,Zone_A_HighBay,PKR-02,2026-01-07 13:08:00,2026-01-07 14:43:00,6,6,8,10.0,6.21
ORD-10605,SKU-118,Zone_C_Bulk,PKR-05,2026-01-07 13:43:00,2026-01-07 15:49:00,3,3,8,10.0,8.64
ORD-10606,SKU-148,Zone_A_HighBay,PKR-06,2026-01-07 13:33:00,2026-01-07 14:38:00,19,19,7,10.0,6.4
ORD-10607,SKU-135,Zone_A_HighBay,PKR-04,2026-01-07 13:49:00,2026-01-07 15:42:00,2,2,21,10.0,8.89
ORD-10608,SKU-111,Zone_B_Mezzanine,PKR-04,2026-01-07 14:10:00,2026-01-07 16:01:00,18,18,11,10.0,8.77
ORD-10609,SKU-140,Zone_C_Bulk,PKR-04,2026-01-07 14:38:00,2026-01-07 16:50:00,12,12,8,10.0,7.49
ORD-10610,SKU-118,Zone_A_HighBay,PKR-02,2026-01-07 14:48:00,2026-01-07 15:55:00,10,10,17,10.0,8.38
ORD-10611,SKU-111,Zone_A_HighBay,PKR-04,2026-01-07 15:05:00,2026-01-07 17:26:00,5,5,16,10.0,7.98
ORD-10612,SKU-108,Zone_A_HighBay,PKR-01,2026-01-07 15:02:00,2026-01-07 16:28:00,9,9,5,10.0,8.57
ORD-10613,SKU-106,Zone_A_HighBay,PKR-06,2026-01-07 15:26:00,2026-01-07 16:39:00,2,2,23,10.0,7.38
ORD-10614,SKU-127,Zone_A_HighBay,PKR-01,2026-01-07 15:55:00,2026-01-07 17:48:00,2,2,24,10.0,8.51
ORD-10615,SKU-113,Zone_B_Mezzanine,PKR-06,2026-01-07 16:03:00,2026-01-07 22:52:00,6,6,22,10.0,7.48
ORD-10616,SKU-130,Zone_B_Mezzanine,PKR-01,2026-01-07 16:18:00,2026-01-07 18:10:00,10,10,15,10.0,9.01
ORD-10617,SKU-118,Zone_B_Mezzanine,PKR-06,2026-01-07 16:27:00,2026-01-07 17:34:00,18,18,24,10.0,7.56
ORD-10618,SKU-146,Zone_A_HighBay,PKR-08,2026-01-07 16:57:00,2026-01-07 18:53:00,12,12,7,10.0,7.48
ORD-10619,SKU-115,Zone_C_Bulk,PKR-02,2026-01-07 16:51:00,2026-01-07 19:01:00,4,4,21,10.0,8.51
ORD-10620,SKU-104,Zone_A_HighBay,PKR-02,2026-01-07 17:14:00,2026-01-07 19:38:00,17,17,16,10.0,8.63
ORD-10621,SKU-134,Zone_C_Bulk,PKR-04,2026-01-07 17:37:00,2026-01-07 19:55:00,15,15,14,10.0,7.77
ORD-10622,SKU-111,Zone_B_Mezzanine,PKR-03,2026-01-07 17:36:00,2026-01-07 18:51:00,6,6,12,10.0,6.58
ORD-10623,SKU-124,Zone_A_HighBay,PKR-04,2026-01-07 18:10:00,2026-01-07 19:13:00,16,16,19,10.0,7.5
ORD-10624,SKU-120,Zone_B_Mezzanine,PKR-07,2026-01-07 18:07:00,2026-01-07 19:53:00,17,17,9,10.0,9.1
ORD-10625,SKU-135,Zone_A_HighBay,PKR-01,2026-01-07 18:19:00,2026-01-07 20:43:00,3,3,8,10.0,8.41
ORD-10626,SKU-122,Zone_B_Mezzanine,PKR-06,2026-01-07 18:50:00,2026-01-07 20:33:00,10,10,24,10.0,8.6
ORD-10627,SKU-115,Zone_A_HighBay,PKR-03,2026-01-07 18:58:00,2026-01-07 21:23:00,5,5,23,10.0,6.11
ORD-10628,SKU-138,Zone_A_HighBay,PKR-07,2026-01-07 19:03:00,2026-01-08 01:59:00,14,14,8,10.0,7.5
ORD-10629,SKU-144,Zone_C_Bulk,PKR-02,2026-01-07 19:37:00,2026-01-08 02:03:00,13,13,19,10.0,8.07
ORD-10630,SKU-141,Zone_A_HighBay,PKR-02,2026-01-07 19:39:00,2026-01-07 20:50:00,6,6,21,10.0,8.66
ORD-10631,SKU-138,Zone_C_Bulk,PKR-04,2026-01-07 20:04:00,2026-01-07 22:01:00,12,12,16,10.0,6.16
ORD-10632,SKU-113,Zone_A_HighBay,PKR-01,2026-01-07 20:14:00,2026-01-07 21:18:00,8,8,7,10.0,8.73
ORD-10633,SKU-130,Zone_B_Mezzanine,PKR-03,2026-01-07 20:32:00,2026-01-07 22:53:00,5,5,14,10.0,7.75
ORD-10634,SKU-104,Zone_B_Mezzanine,PKR-09,2026-01-07 20:49:00,2026-01-07 22:08:00,15,15,19,10.0,6.63
ORD-10635,SKU-134,Zone_B_Mezzanine,PKR-07,2026-01-07 20:57:00,2026-01-07 22:01:00,16,16,14,10.0,7.02
ORD-10636,SKU-122,Zone_A_HighBay,PKR-07,2026-01-07 21:28:00,2026-01-07 23:42:00,1,1,22,10.0,6.9
ORD-10637,SKU-128,Zone_A_HighBay,PKR-04,2026-01-07 21:22:00,2026-01-07 22:53:00,16,16,5,10.0,7.7
ORD-10638,SKU-142,Zone_A_HighBay,PKR-02,2026-01-07 21:38:00,2026-01-07 23:27:00,5,5,7,10.0,6.17
ORD-10639,SKU-110,Zone_A_HighBay,PKR-04,2026-01-07 22:00:00,2026-01-07 23:56:00,3,3,16,10.0,6.51
ORD-10640,SKU-117,Zone_B_Mezzanine,PKR-06,2026-01-07 22:18:00,2026-01-08 00:11:00,15,15,5,10.0,8.6
ORD-10641,SKU-146,Zone_C_Bulk,PKR-03,2026-01-07 22:30:00,2026-01-08 00:56:00,13,13,7,10.0,6.42
ORD-10642,SKU-111,Zone_C_Bulk,PKR-01,2026-01-07 22:36:00,2026-01-08 00:30:00,16,16,7,10.0,6.75
ORD-10643,SKU-108,Zone_B_Mezzanine,PKR-08,2026-01-07 22:58:00,2026-01-08 00:54:00,11,11,9,10.0,7.45
ORD-10644,SKU-109,Zone_B_Mezzanine,PKR-05,2026-01-07 23:27:00,2026-01-08 00:43:00,2,2,23,10.0,7.65
ORD-10645,SKU-143,Zone_B_Mezzanine,PKR-05,2026-01-07 23:28:00,2026-01-08 05:16:00,6,6,5,10.0,8.44
ORD-10646,SKU-116,Zone_A_HighBay,PKR-04,2026-01-07 23:54:00,2026-01-08 01:41:00,6,6,8,10.0,7.43
ORD-10647,SKU-137,Zone_C_Bulk,PKR-06,2026-01-08 00:11:00,2026-01-08 02:10:00,14,14,8,10.0,8.53
ORD-10648,SKU-106,Zone_B_Mezzanine,PKR-03,2026-01-08 00:03:00,2026-01-08 05:22:00,11,11,21,10.0,7.98
ORD-10649,SKU-145,Zone_B_Mezzanine,PKR-09,2026-01-08 00:40:00,2026-01-08 01:56:00,8,9,18,10.0,6.36
ORD-10650,SKU-112,Zone_A_HighBay,PKR-05,2026-01-08 00:44:00,2026-01-08 02:18:00,8,8,22,10.0,6.5
ORD-10651,SKU-139,Zone_A_HighBay,PKR-03,2026-01-08 00:47:00,2026-01-08 05:58:00,1,1,5,10.0,7.4
ORD-10652,SKU-141,Zone_A_HighBay,PKR-01,2026-01-08 01:04:00,2026-01-08 02:47:00,7,7,20,10.0,7.27
ORD-10653,SKU-108,Zone_C_Bulk,PKR-06,2026-01-08 01:15:00,2026-01-08 03:30:00,6,6,7,10.0,8.38
ORD-10654,SKU-149,Zone_B_Mezzanine,PKR-02,2026-01-08 01:32:00,2026-01-08 03:17:00,8,8,13,10.0,7.86
ORD-10655,SKU-126,Zone_A_HighBay,PKR-03,2026-01-08 01:59:00,2026-01-08 06:11:00,19,19,8,10.0,7.24
ORD-10656,SKU-101,Zone_C_Bulk,PKR-01,2026-01-08 02:23:00,2026-01-08 04:13:00,8,8,9,10.0,6.55
ORD-10657,SKU-104,Zone_A_HighBay,PKR-09,2026-01-08 02:41:00,2026-01-08 04:31:00,14,14,15,10.0,6.73
ORD-10658,SKU-128,Zone_A_HighBay,PKR-08,2026-01-08 02:37:00,2026-01-08 03:41:00,18,18,13,10.0,7.84
ORD-10659,SKU-136,Zone_A_HighBay,PKR-02,2026-01-08 03:13:00,2026-01-08 07:20:00,16,16,7,10.0,7.36
ORD-10660,SKU-137,Zone_B_Mezzanine,PKR-08,2026-01-08 03:03:00,2026-01-08 04:51:00,9,9,10,10.0,7.65
ORD-10661,SKU-118,Zone_C_Bulk,PKR-09,2026-01-08 03:16:00,2026-01-08 04:20:00,15,15,15,10.0,6.55
ORD-10662,SKU-107,Zone_A_HighBay,PKR-01,2026-01-08 03:58:00,2026-01-08 06:13:00,10,11,13,10.0,8.12
ORD-10663,SKU-147,Zone_C_Bulk,PKR-05,2026-01-08 04:08:00,2026-01-08 05:14:00,16,16,19,10.0,8.73
ORD-10664,SKU-144,Zone_A_HighBay,PKR-08,2026-01-08 04:23:00,2026-01-08 05:34:00,4,4,7,10.0,6.83
ORD-10665,SKU-100,Zone_C_Bulk,PKR-02,2026-01-08 04:24:00,2026-01-08 06:10:00,13,13,5,10.0,7.57
ORD-10666,SKU-121,Zone_B_Mezzanine,PKR-04,2026-01-08 04:33:00,2026-01-08 06:05:00,5,5,24,10.0,9.12
ORD-10667,SKU-116,Zone_C_Bulk,PKR-07,2026-01-08 04:47:00,2026-01-08 06:48:00,7,7,23,10.0,7.07
ORD-10668,SKU-106,Zone_A_HighBay,PKR-03,2026-01-08 05:01:00,2026-01-08 06:13:00,9,9,18,10.0,7.9
ORD-10669,SKU-124,Zone_C_Bulk,PKR-05,2026-01-08 05:39:00,2026-01-08 07:28:00,8,8,21,10.0,6.29
ORD-10670,SKU-144,Zone_B_Mezzanine,PKR-08,2026-01-08 05:46:00,2026-01-08 09:46:00,16,16,18,10.0,7.94
ORD-10671,SKU-103,Zone_A_HighBay,PKR-03,2026-01-08 06:07:00,2026-01-08 08:04:00,6,6,21,10.0,6.29
ORD-10672,SKU-135,Zone_C_Bulk,PKR-04,2026-01-08 06:20:00,2026-01-08 08:04:00,16,16,18,10.0,9.07
ORD-10673,SKU-105,Zone_A_HighBay,PKR-09,2026-01-08 06:38:00,2026-01-08 07:40:00,6,6,16,10.0,8.29
ORD-10674,SKU-130,Zone_C_Bulk,PKR-07,2026-01-08 06:49:00,2026-01-08 08:04:00,14,14,20,10.0,8.52
ORD-10675,SKU-118,Zone_A_HighBay,PKR-01,2026-01-08 07:07:00,2026-01-08 13:59:00,1,1,5,10.0,8.25
ORD-10676,SKU-143,Zone_B_Mezzanine,PKR-04,2026-01-08 07:12:00,2026-01-08 09:17:00,9,9,17,10.0,7.89
ORD-10677,SKU-138,Zone_B_Mezzanine,PKR-04,2026-01-08 07:19:00,2026-01-08 08:54:00,13,13,10,10.0,7.44
ORD-10678,SKU-126,Zone_A_HighBay,PKR-09,2026-01-08 07:59:00,2026-01-08 09:07:00,19,19,21,10.0,8.75
ORD-10679,SKU-109,Zone_A_HighBay,PKR-06,2026-01-08 08:05:00,2026-01-08 10:16:00,17,17,16,10.0,9.06
ORD-10680,SKU-125,Zone_A_HighBay,PKR-09,2026-01-08 08:29:00,2026-01-08 10:18:00,11,11,23,10.0,7.6
ORD-10681,SKU-118,Zone_A_HighBay,PKR-06,2026-01-08 08:23:00,2026-01-08 10:46:00,8,8,10,10.0,8.98
ORD-10682,SKU-138,Zone_A_HighBay,PKR-06,2026-01-08 08:54:00,2026-01-08 13:44:00,5,5,11,10.0,7.87
ORD-10683,SKU-102,Zone_B_Mezzanine,PKR-05,2026-01-08 09:13:00,2026-01-08 11:23:00,10,10,5,10.0,7.72
ORD-10684,SKU-144,Zone_A_HighBay,PKR-05,2026-01-08 09:24:00,2026-01-08 10:45:00,7,7,5,10.0,7.45
ORD-10685,SKU-112,Zone_A_HighBay,PKR-02,2026-01-08 09:42:00,2026-01-08 11:56:00,10,10,9,10.0,6.67
ORD-10686,SKU-149,Zone_B_Mezzanine,PKR-08,2026-01-08 09:51:00,2026-01-08 11:26:00,4,4,10,10.0,6.01
ORD-10687,SKU-127,Zone_A_HighBay,PKR-08,2026-01-08 09:50:00,2026-01-08 12:18:00,9,9,20,10.0,6.77
ORD-10688,SKU-119,Zone_C_Bulk,PKR-01,2026-01-08 10:04:00,2026-01-08 12:15:00,14,14,20,10.0,7.63
ORD-10689,SKU-127,Zone_C_Bulk,PKR-08,2026-01-08 10:39:00,2026-01-08 12:44:00,2,2,18,10.0,7.22
ORD-10690,SKU-107,Zone_B_Mezzanine,PKR-05,2026-01-08 10:39:00,2026-01-08 12:31:00,9,9,5,10.0,7.44
ORD-10691,SKU-140,Zone_B_Mezzanine,PKR-02,2026-01-08 10:52:00,2026-01-08 13:04:00,1,1,17,10.0,9.14
ORD-10692,SKU-138,Zone_C_Bulk,PKR-02,2026-01-08 11:06:00,2026-01-08 12:11:00,10,10,24,10.0,7.12
ORD-10693,SKU-100,Zone_A_HighBay,PKR-06,2026-01-08 11:21:00,2026-01-08 12:33:00,10,10,14,10.0,7.45
ORD-10694,SKU-102,Zone_A_HighBay,PKR-09,2026-01-08 11:35:00,2026-01-08 13:24:00,3,3,14,10.0,6.43
ORD-10695,SKU-112,Zone_A_HighBay,PKR-01,2026-01-08 12:05:00,2026-01-08 13:51:00,6,6,13,10.0,6.15
ORD-10696,SKU-127,Zone_B_Mezzanine,PKR-06,2026-01-08 12:28:00,2026-01-08 13:40:00,6,6,17,10.0,8.48
ORD-10697,SKU-148,Zone_A_HighBay,PKR-09,2026-01-08 12:34:00,2026-01-08 14:09:00,2,2,7,10.0,7.83
ORD-10698,SKU-124,Zone_B_Mezzanine,PKR-08,2026-01-08 12:32:00,2026-01-08 13:46:00,18,18,22,10.0,8.43
ORD-10699,SKU-132,Zone_C_Bulk,PKR-06,2026-01-08 13:03:00,2026-01-08 15:22:00,2,2,24,10.0,6.48
ORD-10700,SKU-137,Zone_C_Bulk,PKR-03,2026-01-08 13:21:00,2026-01-08 15:50:00,12,12,6,10.0,7.83
ORD-10701,SKU-105,Zone_B_Mezzanine,PKR-08,2026-01-08 13:29:00,2026-01-08 15:00:00,5,5,21,10.0,6.81
ORD-10702,SKU-143,Zone_A_HighBay,PKR-09,2026-01-08 13:33:00,2026-01-08 15:16:00,7,7,23,10.0,6.73
ORD-10703,SKU-144,Zone_C_Bulk,PKR-01,2026-01-08 14:12:00,2026-01-08 15:44:00,16,16,17,10.0,6.04
ORD-10704,SKU-131,Zone_B_Mezzanine,PKR-09,2026-01-08 14:11:00,2026-01-08 16:02:00,1,1,17,10.0,6.42
ORD-10705,SKU-144,Zone_A_HighBay,PKR-06,2026-01-08 14:20:00,2026-01-08 16:02:00,1,1,5,10.0,6.99
ORD-10706,SKU-146,Zone_A_HighBay,PKR-06,2026-01-08 14:48:00,2026-01-08 16:39:00,17,17,6,10.0,6.37
ORD-10707,SKU-120,Zone_C_Bulk,PKR-04,2026-01-08 14:48:00,2026-01-08 16:54:00,1,1,5,10.0,9.15
ORD-10708,SKU-115,Zone_B_Mezzanine,PKR-01,2026-01-08 15:14:00,2026-01-08 20:17:00,13,13,9,10.0,6.99
ORD-10709,SKU-120,Zone_C_Bulk,PKR-08,2026-01-08 15:23:00,2026-01-08 17:13:00,9,9,7,10.0,6.42
ORD-10710,SKU-110,Zone_C_Bulk,PKR-02,2026-01-08 15:34:00,2026-01-08 17:36:00,15,15,11,10.0,6.64
ORD-10711,SKU-136,Zone_B_Mezzanine,PKR-01,2026-01-08 15:57:00,2026-01-08 18:08:00,3,3,17,10.0,7.88
ORD-10712,SKU-135,Zone_B_Mezzanine,PKR-02,2026-01-08 16:22:00,2026-01-08 18:16:00,14,14,22,10.0,6.2
ORD-10713,SKU-134,Zone_A_HighBay,PKR-01,2026-01-08 16:40:00,2026-01-08 17:51:00,11,11,11,10.0,8.76
ORD-10714,SKU-118,Zone_A_HighBay,PKR-01,2026-01-08 16:47:00,2026-01-08 18:24:00,12,12,5,10.0,9.08
ORD-10715,SKU-119,Zone_A_HighBay,PKR-09,2026-01-08 17:14:00,2026-01-08 19:00:00,13,13,9,10.0,6.79
ORD-10716,SKU-117,Zone_B_Mezzanine,PKR-01,2026-01-08 17:29:00,2026-01-08 18:29:00,13,13,21,10.0,7.44
ORD-10717,SKU-146,Zone_B_Mezzanine,PKR-04,2026-01-08 17:19:00,2026-01-08 18:44:00,1,1,12,10.0,6.07
ORD-10718,SKU-140,Zone_C_Bulk,PKR-06,2026-01-08 17:54:00,2026-01-08 18:56:00,10,10,19,10.0,8.05
ORD-10719,SKU-148,Zone_A_HighBay,PKR-07,2026-01-08 18:00:00,2026-01-08 20:24:00,3,3,24,10.0,7.32
ORD-10720,SKU-113,Zone_B_Mezzanine,PKR-02,2026-01-08 18:26:00,2026-01-08 20:08:00,4,4,8,10.0,6.86
ORD-10721,SKU-114,Zone_B_Mezzanine,PKR-06,2026-01-08 18:33:00,2026-01-09 00:25:00,16,16,6,10.0,6.66
ORD-10722,SKU-130,Zone_B_Mezzanine,PKR-07,2026-01-08 18:43:00,2026-01-08 20:19:00,8,8,9,10.0,8.09
ORD-10723,SKU-100,Zone_B_Mezzanine,PKR-02,2026-01-08 19:09:00,2026-01-08 21:29:00,16,16,5,10.0,7.33
ORD-10724,SKU-102,Zone_A_HighBay,PKR-02,2026-01-08 19:29:00,2026-01-08 20:31:00,17,17,9,10.0,6.57
ORD-10725,SKU-115,Zone_B_Mezzanine,PKR-07,2026-01-08 19:30:00,2026-01-08 21:21:00,19,19,10,10.0,8.21
ORD-10726,SKU-122,Zone_A_HighBay,PKR-01,2026-01-08 19:56:00,2026-01-08 21:49:00,15,15,6,10.0,7.81
ORD-10727,SKU-110,Zone_A_HighBay,PKR-08,2026-01-08 19:59:00,2026-01-08 21:37:00,16,16,5,10.0,8.75
ORD-10728,SKU-111,Zone_A_HighBay,PKR-03,2026-01-08 20:21:00,2026-01-08 22:43:00,15,15,8,10.0,6.38
ORD-10729,SKU-109,Zone_B_Mezzanine,PKR-06,2026-01-08 20:18:00,2026-01-08 21:34:00,2,2,11,10.0,8.51
ORD-10730,SKU-131,Zone_C_Bulk,PKR-09,2026-01-08 20:36:00,2026-01-08 21:53:00,11,11,5,10.0,8.16
ORD-10731,SKU-115,Zone_B_Mezzanine,PKR-06,2026-01-08 21:00:00,2026-01-08 22:27:00,1,1,5,10.0,6.37
ORD-10732,SKU-107,Zone_B_Mezzanine,PKR-09,2026-01-08 21:23:00,2026-01-08 23:15:00,15,15,12,10.0,8.22
ORD-10733,SKU-137,Zone_B_Mezzanine,PKR-07,2026-01-08 21:36:00,2026-01-08 23:31:00,19,19,24,10.0,7.41
ORD-10734,SKU-111,Zone_B_Mezzanine,PKR-09,2026-01-08 21:50:00,2026-01-09 02:05:00,4,4,20,10.0,9.02
ORD-10735,SKU-123,Zone_A_HighBay,PKR-02,2026-01-08 22:06:00,2026-01-08 23:52:00,11,11,17,10.0,6.45
ORD-10736,SKU-127,Zone_A_HighBay,PKR-08,2026-01-08 22:20:00,2026-01-08 23:45:00,5,5,22,10.0,8.06
ORD-10737,SKU-107,Zone_A_HighBay,PKR-08,2026-01-08 22:22:00,2026-01-09 00:35:00,3,3,24,10.0,7.22
ORD-10738,SKU-127,Zone_A_HighBay,PKR-02,2026-01-08 22:46:00,2026-01-09 04:42:00,13,13,14,10.0,9.06
ORD-10739,SKU-135,Zone_A_HighBay,PKR-04,2026-01-08 23:00:00,2026-01-09 01:11:00,10,10,16,10.0,7.06
ORD-10740,SKU-125,Zone_A_HighBay,PKR-07,2026-01-08 23:26:00,2026-01-09 00:27:00,11,11,5,10.0,9.08
ORD-10741,SKU-107,Zone_A_HighBay,PKR-04,2026-01-08 23:37:00,2026-01-09 01:56:00,18,18,14,10.0,8.88
ORD-10742,SKU-149,Zone_C_Bulk,PKR-04,2026-01-08 23:39:00,2026-01-09 01:29:00,2,2,13,10.0,6.87
ORD-10743,SKU-127,Zone_A_HighBay,PKR-06,2026-01-08 23:54:00,2026-01-09 01:55:00,7,7,7,10.0,8.57
ORD-10744,SKU-127,Zone_A_HighBay,PKR-06,2026-01-09 00:26:00,2026-01-09 02:55:00,9,9,23,10.0,9.19
ORD-10745,SKU-136,Zone_A_HighBay,PKR-03,2026-01-09 00:16:00,2026-01-09 01:41:00,10,10,13,10.0,6.81
ORD-10746,SKU-140,Zone_B_Mezzanine,PKR-09,2026-01-09 00:59:00,2026-01-09 02:03:00,18,18,14,10.0,7.4
ORD-10747,SKU-135,Zone_A_HighBay,PKR-02,2026-01-09 00:53:00,2026-01-09 03:13:00,7,7,23,10.0,7.66
ORD-10748,SKU-126,Zone_A_HighBay,PKR-06,2026-01-09 01:16:00,2026-01-09 02:35:00,7,7,20,10.0,6.94
ORD-10749,SKU-116,Zone_B_Mezzanine,PKR-07,2026-01-09 01:25:00,2026-01-09 03:42:00,3,3,22,10.0,6.05
ORD-10750,SKU-108,Zone_A_HighBay,PKR-09,2026-01-09 01:39:00,2026-01-09 03:39:00,12,12,18,10.0,6.7
ORD-10751,SKU-132,Zone_A_HighBay,PKR-03,2026-01-09 02:06:00,2026-01-09 04:14:00,7,7,7,10.0,6.9
ORD-10752,SKU-119,Zone_A_HighBay,PKR-03,2026-01-09 02:24:00,2026-01-09 03:52:00,17,17,6,10.0,7.42
ORD-10753,SKU-112,Zone_A_HighBay,PKR-07,2026-01-09 02:31:00,2026-01-09 03:49:00,1,1,5,10.0,6.55
ORD-10754,SKU-127,Zone_A_HighBay,PKR-04,2026-01-09 02:33:00,2026-01-09 04:31:00,5,5,22,10.0,8.79
ORD-10755,SKU-147,Zone_A_HighBay,PKR-08,2026-01-09 03:00:00,2026-01-09 04:27:00,16,16,13,10.0,8.26
ORD-10756,SKU-128,Zone_C_Bulk,PKR-07,2026-01-09 03:19:00,2026-01-09 05:27:00,15,15,17,10.0,6.27
ORD-10757,SKU-112,Zone_B_Mezzanine,PKR-05,2026-01-09 03:29:00,2026-01-09 05:55:00,2,2,6,10.0,8.08
ORD-10758,SKU-145,Zone_B_Mezzanine,PKR-07,2026-01-09 03:54:00,2026-01-09 05:05:00,9,9,11,10.0,8.09
ORD-10759,SKU-134,Zone_A_HighBay,PKR-03,2026-01-09 04:11:00,2026-01-09 06:16:00,7,7,20,10.0,9.06
ORD-10760,SKU-105,Zone_C_Bulk,PKR-02,2026-01-09 04:20:00,2026-01-09 05:38:00,4,4,23,10.0,6.01
ORD-10761,SKU-117,Zone_A_HighBay,PKR-06,2026-01-09 04:19:00,2026-01-09 05:47:00,18,18,19,10.0,6.79
ORD-10762,SKU-104,Zone_A_HighBay,PKR-02,2026-01-09 04:35:00,2026-01-09 06:33:00,4,4,15,10.0,8.97
ORD-10763,SKU-146,Zone_B_Mezzanine,PKR-03,2026-01-09 05:01:00,2026-01-09 06:21:00,13,13,5,10.0,8.98
ORD-10764,SKU-124,Zone_A_HighBay,PKR-06,2026-01-09 05:00:00,2026-01-09 06:24:00,1,1,11,10.0,8.31
ORD-10765,SKU-101,Zone_A_HighBay,PKR-05,2026-01-09 05:39:00,2026-01-09 07:49:00,3,3,24,10.0,8.45
ORD-10766,SKU-109,Zone_B_Mezzanine,PKR-08,2026-01-09 05:48:00,2026-01-09 07:21:00,16,16,12,10.0,6.29
ORD-10767,SKU-129,Zone_C_Bulk,PKR-09,2026-01-09 05:48:00,2026-01-09 08:08:00,4,4,14,10.0,7.64
ORD-10768,SKU-149,Zone_A_HighBay,PKR-03,2026-01-09 06:16:00,2026-01-09 07:32:00,16,16,9,10.0,6.74
ORD-10769,SKU-144,Zone_B_Mezzanine,PKR-03,2026-01-09 06:23:00,2026-01-09 07:56:00,19,19,13,10.0,6.58
ORD-10770,SKU-104,Zone_C_Bulk,PKR-03,2026-01-09 06:53:00,2026-01-09 07:58:00,1,1,5,10.0,8.59
ORD-10771,SKU-132,Zone_A_HighBay,PKR-06,2026-01-09 06:46:00,2026-01-09 07:55:00,5,5,6,10.0,6.43
ORD-10772,SKU-100,Zone_A_HighBay,PKR-01,2026-01-09 07:07:00,2026-01-09 08:35:00,19,19,23,10.0,7.5
ORD-10773,SKU-117,Zone_A_HighBay,PKR-07,2026-01-09 07:29:00,2026-01-09 09:47:00,11,10,18,10.0,9.0
ORD-10774,SKU-131,Zone_A_HighBay,PKR-01,2026-01-09 07:36:00,2026-01-09 09:53:00,13,13,24,10.0,6.59
ORD-10775,SKU-146,Zone_A_HighBay,PKR-05,2026-01-09 08:11:00,2026-01-09 10:19:00,5,4,14,10.0,9.13
ORD-10776,SKU-148,Zone_C_Bulk,PKR-08,2026-01-09 08:05:00,2026-01-09 10:07:00,4,4,13,10.0,9.18
ORD-10777,SKU-110,Zone_B_Mezzanine,PKR-04,2026-01-09 08:15:00,2026-01-09 10:16:00,4,4,14,10.0,7.78
ORD-10778,SKU-120,Zone_B_Mezzanine,PKR-05,2026-01-09 08:44:00,2026-01-09 10:29:00,4,4,10,10.0,6.54
ORD-10779,SKU-125,Zone_A_HighBay,PKR-04,2026-01-09 09:07:00,2026-01-09 10:52:00,4,4,21,10.0,7.01
ORD-10780,SKU-124,Zone_C_Bulk,PKR-04,2026-01-09 09:25:00,2026-01-09 10:53:00,18,18,10,10.0,7.36
ORD-10781,SKU-121,Zone_C_Bulk,PKR-08,2026-01-09 09:21:00,2026-01-09 11:38:00,18,18,8,10.0,6.99
ORD-10782,SKU-126,Zone_C_Bulk,PKR-02,2026-01-09 09:58:00,2026-01-09 12:23:00,16,16,24,10.0,6.9
ORD-10783,SKU-148,Zone_A_HighBay,PKR-01,2026-01-09 10:14:00,2026-01-09 12:13:00,9,9,7,10.0,9.11
ORD-10784,SKU-112,Zone_B_Mezzanine,PKR-03,2026-01-09 10:24:00,2026-01-09 12:37:00,18,18,23,10.0,6.49
ORD-10785,SKU-132,Zone_A_HighBay,PKR-09,2026-01-09 10:31:00,2026-01-09 11:59:00,2,2,22,10.0,8.35
ORD-10786,SKU-133,Zone_A_HighBay,PKR-04,2026-01-09 10:31:00,2026-01-09 11:42:00,4,4,8,10.0,6.0
ORD-10787,SKU-140,Zone_A_HighBay,PKR-05,2026-01-09 11:11:00,2026-01-09 13:17:00,12,12,12,10.0,7.91
ORD-10788,SKU-134,Zone_B_Mezzanine,PKR-02,2026-01-09 11:08:00,2026-01-09 12:30:00,7,7,21,10.0,8.93
ORD-10789,SKU-100,Zone_B_Mezzanine,PKR-04,2026-01-09 11:43:00,2026-01-09 12:58:00,15,15,9,10.0,6.92
ORD-10790,SKU-120,Zone_A_HighBay,PKR-02,2026-01-09 11:38:00,2026-01-09 17:47:00,7,7,17,10.0,6.59
ORD-10791,SKU-147,Zone_A_HighBay,PKR-02,2026-01-09 11:57:00,2026-01-09 14:13:00,17,16,5,10.0,8.09
ORD-10792,SKU-105,Zone_A_HighBay,PKR-04,2026-01-09 12:05:00,2026-01-09 13:20:00,16,16,17,10.0,8.28
ORD-10793,SKU-127,Zone_A_HighBay,PKR-06,2026-01-09 12:20:00,2026-01-09 14:09:00,19,19,8,10.0,8.2
ORD-10794,SKU-116,Zone_A_HighBay,PKR-07,2026-01-09 12:49:00,2026-01-09 14:53:00,9,9,18,10.0,7.02
ORD-10795,SKU-104,Zone_A_HighBay,PKR-03,2026-01-09 13:04:00,2026-01-09 14:58:00,14,14,7,10.0,6.81
ORD-10796,SKU-130,Zone_B_Mezzanine,PKR-03,2026-01-09 13:20:00,2026-01-09 15:34:00,17,17,9,10.0,9.06
ORD-10797,SKU-104,Zone_A_HighBay,PKR-06,2026-01-09 13:17:00,2026-01-09 15:20:00,5,5,11,10.0,8.95
ORD-10798,SKU-137,Zone_A_HighBay,PKR-03,2026-01-09 13:46:00,2026-01-09 16:01:00,2,2,5,10.0,7.46
ORD-10799,SKU-102,Zone_A_HighBay,PKR-02,2026-01-09 14:01:00,2026-01-09 16:03:00,16,16,16,10.0,8.71
ORD-10800,SKU-122,Zone_C_Bulk,PKR-08,2026-01-09 14:11:00,2026-01-09 16:30:00,14,14,15,10.0,7.45
ORD-10801,SKU-136,Zone_B_Mezzanine,PKR-05,2026-01-09 14:30:00,2026-01-09 15:40:00,14,14,12,10.0,7.36
ORD-10802,SKU-136,Zone_B_Mezzanine,PKR-01,2026-01-09 14:44:00,2026-01-09 17:03:00,1,1,10,10.0,6.5
ORD-10803,SKU-109,Zone_A_HighBay,PKR-03,2026-01-09 14:57:00,2026-01-09 21:50:00,3,3,6,10.0,7.36
ORD-10804,SKU-109,Zone_B_Mezzanine,PKR-08,2026-01-09 15:22:00,2026-01-09 17:18:00,7,7,23,10.0,7.72
ORD-10805,SKU-118,Zone_A_HighBay,PKR-04,2026-01-09 15:15:00,2026-01-09 16:37:00,15,15,24,10.0,6.07
ORD-10806,SKU-116,Zone_B_Mezzanine,PKR-07,2026-01-09 15:46:00,2026-01-09 17:12:00,19,19,24,10.0,7.42
ORD-10807,SKU-120,Zone_C_Bulk,PKR-02,2026-01-09 15:47:00,2026-01-09 17:22:00,2,2,18,10.0,8.5
ORD-10808,SKU-113,Zone_B_Mezzanine,PKR-07,2026-01-09 16:25:00,2026-01-09 17:25:00,19,19,5,10.0,8.18
ORD-10809,SKU-108,Zone_C_Bulk,PKR-05,2026-01-09 16:29:00,2026-01-09 18:56:00,9,9,14,10.0,8.03
ORD-10810,SKU-145,Zone_B_Mezzanine,PKR-05,2026-01-09 16:33:00,2026-01-09 18:05:00,19,19,20,10.0,8.91
ORD-10811,SKU-100,Zone_A_HighBay,PKR-06,2026-01-09 16:48:00,2026-01-09 18:34:00,5,5,8,10.0,6.06
ORD-10812,SKU-144,Zone_C_Bulk,PKR-09,2026-01-09 17:17:00,2026-01-09 19:36:00,18,18,15,10.0,7.78
ORD-10813,SKU-112,Zone_A_HighBay,PKR-06,2026-01-09 17:31:00,2026-01-09 19:16:00,16,16,20,10.0,8.52
ORD-10814,SKU-103,Zone_B_Mezzanine,PKR-08,2026-01-09 17:48:00,2026-01-09 20:16:00,4,4,24,10.0,7.73
ORD-10815,SKU-100,Zone_A_HighBay,PKR-07,2026-01-09 17:55:00,2026-01-09 19:01:00,12,12,5,10.0,7.04
ORD-10816,SKU-148,Zone_A_HighBay,PKR-09,2026-01-09 18:19:00,2026-01-09 20:12:00,7,7,20,10.0,6.44
ORD-10817,SKU-139,Zone_A_HighBay,PKR-04,2026-01-09 18:17:00,2026-01-09 19:54:00,14,14,23,10.0,8.84
ORD-10818,SKU-131,Zone_A_HighBay,PKR-02,2026-01-09 18:37:00,2026-01-09 19:54:00,12,12,13,10.0,7.51
ORD-10819,SKU-133,Zone_A_HighBay,PKR-07,2026-01-09 18:58:00,2026-01-09 20:56:00,3,3,13,10.0,8.81
ORD-10820,SKU-127,Zone_B_Mezzanine,PKR-06,2026-01-09 19:25:00,2026-01-09 21:06:00,5,5,13,10.0,7.87
ORD-10821,SKU-130,Zone_A_HighBay,PKR-01,2026-01-09 19:15:00,2026-01-09 21:22:00,17,17,21,10.0,8.16
ORD-10822,SKU-107,Zone_A_HighBay,PKR-09,2026-01-09 19:43:00,2026-01-09 21:11:00,10,10,16,10.0,8.57
ORD-10823,SKU-138,Zone_B_Mezzanine,PKR-09,2026-01-09 19:46:00,2026-01-09 22:15:00,10,10,17,10.0,8.11
ORD-10824,SKU-125,Zone_A_HighBay,PKR-02,2026-01-09 20:28:00,2026-01-09 22:50:00,11,11,12,10.0,7.27
ORD-10825,SKU-133,Zone_B_Mezzanine,PKR-03,2026-01-09 20:37:00,2026-01-09 21:41:00,17,17,20,10.0,7.64
ORD-10826,SKU-102,Zone_B_Mezzanine,PKR-05,2026-01-09 20:33:00,2026-01-09 22:10:00,5,4,22,10.0,8.57
ORD-10827,SKU-149,Zone_C_Bulk,PKR-05,2026-01-09 21:08:00,2026-01-09 22:08:00,13,13,5,10.0,7.2
ORD-10828,SKU-111,Zone_B_Mezzanine,PKR-01,2026-01-09 21:26:00,2026-01-09 23:41:00,10,10,5,10.0,7.24
ORD-10829,SKU-100,Zone_A_HighBay,PKR-08,2026-01-09 21:43:00,2026-01-09 22:58:00,9,9,16,10.0,6.31
ORD-10830,SKU-143,Zone_B_Mezzanine,PKR-08,2026-01-09 21:48:00,2026-01-09 22:54:00,17,17,10,10.0,8.93
ORD-10831,SKU-104,Zone_A_HighBay,PKR-04,2026-01-09 21:50:00,2026-01-10 00:13:00,1,1,13,10.0,6.29
ORD-10832,SKU-129,Zone_A_HighBay,PKR-07,2026-01-09 22:24:00,2026-01-09 23:34:00,4,4,9,10.0,8.07
ORD-10833,SKU-129,Zone_B_Mezzanine,PKR-03,2026-01-09 22:15:00,2026-01-09 23:46:00,4,4,20,10.0,7.32
ORD-10834,SKU-116,Zone_A_HighBay,PKR-06,2026-01-09 22:46:00,2026-01-10 00:41:00,18,18,22,10.0,7.3
ORD-10835,SKU-147,Zone_B_Mezzanine,PKR-09,2026-01-09 22:52:00,2026-01-10 00:01:00,9,9,21,10.0,8.17
ORD-10836,SKU-146,Zone_C_Bulk,PKR-01,2026-01-09 23:18:00,2026-01-10 06:16:00,18,18,22,10.0,6.21
ORD-10837,SKU-122,Zone_C_Bulk,PKR-05,2026-01-09 23:35:00,2026-01-10 00:39:00,14,14,5,10.0,7.9
ORD-10838,SKU-114,Zone_C_Bulk,PKR-04,2026-01-09 23:30:00,2026-01-10 00:33:00,15,15,23,10.0,8.47
ORD-10839,SKU-136,Zone_A_HighBay,PKR-08,2026-01-09 23:49:00,2026-01-10 02:01:00,6,6,12,10.0,8.65
ORD-10840,SKU-120,Zone_A_HighBay,PKR-01,2026-01-10 00:26:00,2026-01-10 02:05:00,10,10,7,10.0,6.55
ORD-10841,SKU-113,Zone_B_Mezzanine,PKR-09,2026-01-10 00:30:00,2026-01-10 02:15:00,15,15,9,10.0,8.87
ORD-10842,SKU-101,Zone_A_HighBay,PKR-06,2026-01-10 00:35:00,2026-01-10 02:52:00,4,4,12,10.0,8.1
ORD-10843,SKU-110,Zone_B_Mezzanine,PKR-04,2026-01-10 00:52:00,2026-01-10 07:12:00,18,18,23,10.0,8.82
ORD-10844,SKU-138,Zone_B_Mezzanine,PKR-09,2026-01-10 01:12:00,2026-01-10 03:40:00,18,18,22,10.0,7.55
ORD-10845,SKU-137,Zone_B_Mezzanine,PKR-05,2026-01-10 01:30:00,2026-01-10 03:58:00,17,17,22,10.0,7.73
ORD-10846,SKU-133,Zone_A_HighBay,PKR-05,2026-01-10 01:59:00,2026-01-10 03:21:00,12,12,5,10.0,8.94
ORD-10847,SKU-137,Zone_A_HighBay,PKR-05,2026-01-10 01:47:00,2026-01-10 04:16:00,7,7,19,10.0,8.88
ORD-10848,SKU-149,Zone_A_HighBay,PKR-01,2026-01-10 02:18:00,2026-01-10 03:26:00,16,16,22,10.0,7.43
ORD-10849,SKU-133,Zone_A_HighBay,PKR-01,2026-01-10 02:26:00,2026-01-10 03:57:00,11,11,11,10.0,6.88
ORD-10850,SKU-117,Zone_C_Bulk,PKR-08,2026-01-10 02:45:00,2026-01-10 07:57:00,14,14,20,10.0,7.26
ORD-10851,SKU-129,Zone_A_HighBay,PKR-08,2026-01-10 03:11:00,2026-01-10 05:24:00,3,3,20,10.0,7.24
ORD-10852,SKU-114,Zone_A_HighBay,PKR-06,2026-01-10 03:10:00,2026-01-10 05:24:00,19,19,19,10.0,6.92
ORD-10853,SKU-126,Zone_A_HighBay,PKR-04,2026-01-10 03:24:00,2026-01-10 08:19:00,18,18,10,10.0,6.86
ORD-10854,SKU-133,Zone_B_Mezzanine,PKR-02,2026-01-10 03:54:00,2026-01-10 05:15:00,10,10,13,10.0,8.76
ORD-10855,SKU-137,Zone_B_Mezzanine,PKR-02,2026-01-10 04:04:00,2026-01-10 08:37:00,6,6,11,10.0,6.22
ORD-10856,SKU-132,Zone_A_HighBay,PKR-09,2026-01-10 04:03:00,2026-01-10 05:29:00,13,13,18,10.0,8.17
ORD-10857,SKU-123,Zone_A_HighBay,PKR-05,2026-01-10 04:26:00,2026-01-10 05:59:00,10,10,15,10.0,6.55
ORD-10858,SKU-114,Zone_A_HighBay,PKR-04,2026-01-10 04:52:00,2026-01-10 07:13:00,18,18,20,10.0,7.1
ORD-10859,SKU-129,Zone_A_HighBay,PKR-01,2026-01-10 04:46:00,2026-01-10 06:15:00,16,16,10,10.0,6.2
ORD-10860,SKU-141,Zone_B_Mezzanine,PKR-07,2026-01-10 05:23:00,2026-01-10 07:48:00,6,6,20,10.0,6.86
ORD-10861,SKU-116,Zone_B_Mezzanine,PKR-03,2026-01-10 05:36:00,2026-01-10 10:29:00,13,13,24,10.0,8.46
ORD-10862,SKU-104,Zone_A_HighBay,PKR-06,2026-01-10 05:48:00,2026-01-10 07:16:00,4,4,20,10.0,8.83
ORD-10863,SKU-128,Zone_A_HighBay,PKR-05,2026-01-10 06:09:00,2026-01-10 08:19:00,14,14,16,10.0,6.71
ORD-10864,SKU-103,Zone_C_Bulk,PKR-05,2026-01-10 06:04:00,2026-01-10 08:01:00,1,1,21,10.0,7.48
ORD-10865,SKU-109,Zone_A_HighBay,PKR-05,2026-01-10 06:22:00,2026-01-10 07:28:00,5,4,9,10.0,7.51
ORD-10866,SKU-116,Zone_B_Mezzanine,PKR-01,2026-01-10 06:36:00,2026-01-10 07:53:00,8,8,17,10.0,8.8
ORD-10867,SKU-109,Zone_A_HighBay,PKR-01,2026-01-10 06:58:00,2026-01-10 08:47:00,12,12,12,10.0,8.44
ORD-10868,SKU-116,Zone_A_HighBay,PKR-03,2026-01-10 07:23:00,2026-01-10 14:14:00,2,2,9,10.0,7.64
ORD-10869,SKU-119,Zone_A_HighBay,PKR-04,2026-01-10 07:37:00,2026-01-10 09:54:00,12,12,16,10.0,8.15
ORD-10870,SKU-123,Zone_B_Mezzanine,PKR-05,2026-01-10 07:32:00,2026-01-10 09:48:00,5,5,13,10.0,8.71
ORD-10871,SKU-104,Zone_C_Bulk,PKR-02,2026-01-10 08:02:00,2026-01-10 13:34:00,5,5,7,10.0,6.03
ORD-10872,SKU-133,Zone_A_HighBay,PKR-08,2026-01-10 08:15:00,2026-01-10 10:39:00,13,13,7,10.0,7.29
ORD-10873,SKU-105,Zone_A_HighBay,PKR-02,2026-01-10 08:37:00,2026-01-10 10:50:00,9,9,5,10.0,8.9
ORD-10874,SKU-101,Zone_A_HighBay,PKR-09,2026-01-10 08:48:00,2026-01-10 10:05:00,10,10,22,10.0,8.37
ORD-10875,SKU-112,Zone_A_HighBay,PKR-02,2026-01-10 09:03:00,2026-01-10 10:29:00,1,1,16,10.0,7.74
ORD-10876,SKU-142,Zone_A_HighBay,PKR-09,2026-01-10 09:17:00,2026-01-10 10:52:00,3,3,13,10.0,7.69
ORD-10877,SKU-142,Zone_A_HighBay,PKR-07,2026-01-10 09:34:00,2026-01-10 10:48:00,18,18,13,10.0,7.11
ORD-10878,SKU-147,Zone_B_Mezzanine,PKR-08,2026-01-10 09:45:00,2026-01-10 11:00:00,12,12,22,10.0,7.67
ORD-10879,SKU-110,Zone_A_HighBay,PKR-02,2026-01-10 09:52:00,2026-01-10 11:37:00,3,3,22,10.0,8.1
ORD-10880,SKU-146,Zone_A_HighBay,PKR-07,2026-01-10 10:27:00,2026-01-10 12:33:00,9,9,11,10.0,7.34
ORD-10881,SKU-122,Zone_C_Bulk,PKR-06,2026-01-10 10:15:00,2026-01-10 11:29:00,2,2,8,10.0,8.29
ORD-10882,SKU-115,Zone_A_HighBay,PKR-04,2026-01-10 10:46:00,2026-01-10 11:53:00,3,3,17,10.0,8.76
ORD-10883,SKU-130,Zone_C_Bulk,PKR-07,2026-01-10 10:56:00,2026-01-10 12:33:00,14,14,21,10.0,6.49
ORD-10884,SKU-110,Zone_A_HighBay,PKR-04,2026-01-10 11:29:00,2026-01-10 16:18:00,4,4,6,10.0,7.44
ORD-10885,SKU-115,Zone_C_Bulk,PKR-02,2026-01-10 11:35:00,2026-01-10 14:00:00,19,19,18,10.0,7.31
ORD-10886,SKU-107,Zone_B_Mezzanine,PKR-07,2026-01-10 11:40:00,2026-01-10 12:43:00,13,13,7,10.0,8.2
ORD-10887,SKU-103,Zone_C_Bulk,PKR-08,2026-01-10 11:49:00,2026-01-10 13:24:00,7,7,9,10.0,6.8
ORD-10888,SKU-139,Zone_C_Bulk,PKR-02,2026-01-10 12:26:00,2026-01-10 13:38:00,12,12,18,10.0,8.05
ORD-10889,SKU-103,Zone_A_HighBay,PKR-05,2026-01-10 12:26:00,2026-01-10 13:35:00,3,3,7,10.0,8.81
ORD-10890,SKU-124,Zone_C_Bulk,PKR-01,2026-01-10 12:46:00,2026-01-10 14:20:00,9,9,11,10.0,7.34
ORD-10891,SKU-102,Zone_A_HighBay,PKR-07,2026-01-10 12:50:00,2026-01-10 14:20:00,2,2,22,10.0,8.92
ORD-10892,SKU-131,Zone_A_HighBay,PKR-08,2026-01-10 13:00:00,2026-01-10 14:17:00,9,9,17,10.0,9.18
ORD-10893,SKU-102,Zone_A_HighBay,PKR-06,2026-01-10 13:19:00,2026-01-10 15:43:00,12,12,14,10.0,6.34
ORD-10894,SKU-126,Zone_B_Mezzanine,PKR-05,2026-01-10 13:54:00,2026-01-10 16:13:00,12,12,17,10.0,6.75
ORD-10895,SKU-128,Zone_A_HighBay,PKR-06,2026-01-10 14:12:00,2026-01-10 16:24:00,15,15,20,10.0,9.04
ORD-10896,SKU-131,Zone_B_Mezzanine,PKR-02,2026-01-10 14:13:00,2026-01-10 19:13:00,2,2,13,10.0,9.07
ORD-10897,SKU-149,Zone_B_Mezzanine,PKR-01,2026-01-10 14:19:00,2026-01-10 16:16:00,18,18,6,10.0,6.31
ORD-10898,SKU-118,Zone_B_Mezzanine,PKR-07,2026-01-10 14:51:00,2026-01-10 16:04:00,13,13,9,10.0,6.05
ORD-10899,SKU-120,Zone_C_Bulk,PKR-07,2026-01-10 15:08:00,2026-01-10 17:21:00,14,14,21,10.0,6.52
ORD-10900,SKU-104,Zone_A_HighBay,PKR-02,2026-01-10 15:26:00,2026-01-10 16:37:00,5,6,8,10.0,9.19
ORD-10901,SKU-117,Zone_A_HighBay,PKR-02,2026-01-10 15:15:00,2026-01-10 16:36:00,10,10,21,10.0,6.58
ORD-10902,SKU-127,Zone_A_HighBay,PKR-01,2026-01-10 15:59:00,2026-01-10 17:56:00,12,12,13,10.0,7.61
ORD-10903,SKU-141,Zone_A_HighBay,PKR-08,2026-01-10 16:02:00,2026-01-10 18:04:00,10,10,24,10.0,8.71
ORD-10904,SKU-121,Zone_A_HighBay,PKR-08,2026-01-10 16:15:00,2026-01-10 18:29:00,11,11,6,10.0,6.07
ORD-10905,SKU-120,Zone_A_HighBay,PKR-01,2026-01-10 16:23:00,2026-01-10 18:05:00,2,2,22,10.0,7.93
ORD-10906,SKU-105,Zone_A_HighBay,PKR-08,2026-01-10 16:48:00,2026-01-10 18:04:00,5,5,15,10.0,6.89
ORD-10907,SKU-100,Zone_C_Bulk,PKR-09,2026-01-10 17:06:00,2026-01-10 19:25:00,7,7,17,10.0,8.76
ORD-10908,SKU-104,Zone_B_Mezzanine,PKR-04,2026-01-10 17:04:00,2026-01-10 19:05:00,6,6,12,10.0,6.91
ORD-10909,SKU-140,Zone_A_HighBay,PKR-01,2026-01-10 17:41:00,2026-01-10 23:45:00,3,3,5,10.0,8.2
ORD-10910,SKU-111,Zone_B_Mezzanine,PKR-01,2026-01-10 17:31:00,2026-01-10 18:36:00,13,13,21,10.0,8.16
ORD-10911,SKU-125,Zone_A_HighBay,PKR-03,2026-01-10 18:14:00,2026-01-10 19:35:00,3,3,16,10.0,6.71
ORD-10912,SKU-145,Zone_A_HighBay,PKR-05,2026-01-10 18:14:00,2026-01-10 19:21:00,6,6,8,10.0,6.11
ORD-10913,SKU-133,Zone_B_Mezzanine,PKR-05,2026-01-10 18:21:00,2026-01-10 19:47:00,11,11,17,10.0,7.31
ORD-10914,SKU-148,Zone_A_HighBay,PKR-09,2026-01-10 18:33:00,2026-01-11 01:16:00,17,17,13,10.0,6.93
ORD-10915,SKU-113,Zone_A_HighBay,PKR-02,2026-01-10 18:45:00,2026-01-11 00:12:00,10,10,11,10.0,8.59
ORD-10916,SKU-125,Zone_C_Bulk,PKR-02,2026-01-10 19:12:00,2026-01-10 20:39:00,12,12,9,10.0,8.56
ORD-10917,SKU-144,Zone_C_Bulk,PKR-06,2026-01-10 19:34:00,2026-01-10 20:48:00,17,17,9,10.0,7.46
ORD-10918,SKU-126,Zone_B_Mezzanine,PKR-09,2026-01-10 19:51:00,2026-01-10 21:09:00,4,4,21,10.0,7.94
ORD-10919,SKU-108,Zone_B_Mezzanine,PKR-01,2026-01-10 19:51:00,2026-01-10 21:40:00,2,2,13,10.0,7.93
ORD-10920,SKU-125,Zone_B_Mezzanine,PKR-09,2026-01-10 20:14:00,2026-01-10 22:03:00,11,11,10,10.0,8.65
ORD-10921,SKU-146,Zone_A_HighBay,PKR-09,2026-01-10 20:37:00,2026-01-10 21:54:00,7,7,23,10.0,7.36
ORD-10922,SKU-121,Zone_A_HighBay,PKR-09,2026-01-10 20:43:00,2026-01-10 23:05:00,2,2,20,10.0,6.88
ORD-10923,SKU-146,Zone_A_HighBay,PKR-05,2026-01-10 21:07:00,2026-01-10 22:40:00,18,18,6,10.0,6.85
ORD-10924,SKU-129,Zone_A_HighBay,PKR-09,2026-01-10 21:18:00,2026-01-10 22:48:00,4,4,14,10.0,7.72
ORD-10925,SKU-142,Zone_B_Mezzanine,PKR-04,2026-01-10 21:36:00,2026-01-10 23:42:00,8,8,20,10.0,7.44
ORD-10926,SKU-147,Zone_A_HighBay,PKR-02,2026-01-10 21:58:00,2026-01-11 00:17:00,14,14,9,10.0,7.41
ORD-10927,SKU-116,Zone_C_Bulk,PKR-06,2026-01-10 22:08:00,2026-01-11 02:54:00,12,12,19,10.0,6.29
ORD-10928,SKU-125,Zone_C_Bulk,PKR-04,2026-01-10 22:19:00,2026-01-10 23:39:00,18,18,17,10.0,8.3
ORD-10929,SKU-135,Zone_B_Mezzanine,PKR-06,2026-01-10 22:43:00,2026-01-11 01:05:00,11,11,17,10.0,6.68
ORD-10930,SKU-100,Zone_B_Mezzanine,PKR-03,2026-01-10 22:53:00,2026-01-11 00:23:00,8,8,17,10.0,6.63
ORD-10931,SKU-107,Zone_C_Bulk,PKR-06,2026-01-10 23:02:00,2026-01-11 00:42:00,2,2,19,10.0,7.32
ORD-10932,SKU-148,Zone_A_HighBay,PKR-02,2026-01-10 23:09:00,2026-01-11 00:40:00,15,15,18,10.0,6.73
ORD-10933,SKU-134,Zone_B_Mezzanine,PKR-02,2026-01-10 23:23:00,2026-01-11 01:14:00,9,9,12,10.0,7.87
ORD-10934,SKU-114,Zone_A_HighBay,PKR-09,2026-01-10 23:54:00,2026-01-11 02:07:00,19,19,15,10.0,7.19
ORD-10935,SKU-146,Zone_B_Mezzanine,PKR-07,2026-01-10 23:52:00,2026-01-11 01:31:00,8,8,22,10.0,7.44
ORD-10936,SKU-121,Zone_A_HighBay,PKR-03,2026-01-11 00:25:00,2026-01-11 01:57:00,19,19,8,10.0,7.72
ORD-10937,SKU-113,Zone_C_Bulk,PKR-01,2026-01-11 00:44:00,2026-01-11 03:08:00,5,5,14,10.0,6.65
ORD-10938,SKU-125,Zone_C_Bulk,PKR-08,2026-01-11 00:58:00,2026-01-11 03:04:00,11,11,5,10.0,6.5
ORD-10939,SKU-127,Zone_A_HighBay,PKR-06,2026-01-11 00:54:00,2026-01-11 03:10:00,15,15,9,10.0,8.82
ORD-10940,SKU-122,Zone_A_HighBay,PKR-07,2026-01-11 01:16:00,2026-01-11 02:20:00,8,8,17,10.0,7.39
ORD-10941,SKU-113,Zone_C_Bulk,PKR-09,2026-01-11 01:16:00,2026-01-11 03:16:00,19,19,5,10.0,7.32
ORD-10942,SKU-123,Zone_A_HighBay,PKR-05,2026-01-11 01:35:00,2026-01-11 03:42:00,8,8,12,10.0,6.11
ORD-10943,SKU-101,Zone_C_Bulk,PKR-01,2026-01-11 02:10:00,2026-01-11 04:07:00,19,19,7,10.0,7.59
ORD-10944,SKU-144,Zone_B_Mezzanine,PKR-07,2026-01-11 02:04:00,2026-01-11 04:11:00,18,18,7,10.0,7.77
ORD-10945,SKU-125,Zone_A_HighBay,PKR-05,2026-01-11 02:42:00,2026-01-11 04:00:00,10,10,11,10.0,7.79
ORD-10946,SKU-113,Zone_A_HighBay,PKR-03,2026-01-11 02:59:00,2026-01-11 05:06:00,7,7,8,10.0,8.26
ORD-10947,SKU-106,Zone_A_HighBay,PKR-09,2026-01-11 02:53:00,2026-01-11 04:12:00,9,9,7,10.0,6.57
ORD-10948,SKU-102,Zone_B_Mezzanine,PKR-01,2026-01-11 03:04:00,2026-01-11 05:08:00,1,1,19,10.0,6.81
ORD-10949,SKU-146,Zone_A_HighBay,PKR-01,2026-01-11 03:32:00,2026-01-11 05:10:00,19,19,12,10.0,8.59
ORD-10950,SKU-122,Zone_B_Mezzanine,PKR-01,2026-01-11 03:55:00,2026-01-11 06:15:00,5,5,7,10.0,9.03
ORD-10951,SKU-145,Zone_A_HighBay,PKR-03,2026-01-11 04:04:00,2026-01-11 06:07:00,19,19,11,10.0,6.43
ORD-10952,SKU-142,Zone_B_Mezzanine,PKR-06,2026-01-11 04:08:00,2026-01-11 05:48:00,1,1,22,10.0,7.59
ORD-10953,SKU-146,Zone_C_Bulk,PKR-03,2026-01-11 04:31:00,2026-01-11 05:49:00,15,15,15,10.0,6.69
ORD-10954,SKU-144,Zone_C_Bulk,PKR-08,2026-01-11 04:56:00,2026-01-11 09:03:00,16,16,15,10.0,6.19
ORD-10955,SKU-117,Zone_A_HighBay,PKR-02,2026-01-11 05:01:00,2026-01-11 06:22:00,7,7,21,10.0,7.04
ORD-10956,SKU-137,Zone_C_Bulk,PKR-09,2026-01-11 05:11:00,2026-01-11 07:26:00,12,12,10,10.0,6.46
ORD-10957,SKU-134,Zone_B_Mezzanine,PKR-03,2026-01-11 05:21:00,2026-01-11 06:34:00,8,8,12,10.0,8.27
ORD-10958,SKU-114,Zone_B_Mezzanine,PKR-05,2026-01-11 05:56:00,2026-01-11 07:50:00,5,5,5,10.0,7.71
ORD-10959,SKU-124,Zone_C_Bulk,PKR-08,2026-01-11 05:47:00,2026-01-11 07:56:00,10,10,14,10.0,6.46
ORD-10960,SKU-136,Zone_A_HighBay,PKR-02,2026-01-11 06:09:00,2026-01-11 08:00:00,5,5,23,10.0,6.03
ORD-10961,SKU-127,Zone_A_HighBay,PKR-06,2026-01-11 06:16:00,2026-01-11 08:14:00,17,17,7,10.0,8.59
ORD-10962,SKU-109,Zone_C_Bulk,PKR-05,2026-01-11 06:54:00,2026-01-11 13:35:00,5,5,8,10.0,6.56
ORD-10963,SKU-138,Zone_A_HighBay,PKR-09,2026-01-11 06:47:00,2026-01-11 08:16:00,15,15,15,10.0,7.94
ORD-10964,SKU-116,Zone_C_Bulk,PKR-05,2026-01-11 07:15:00,2026-01-11 09:08:00,13,13,19,10.0,7.08
ORD-10965,SKU-138,Zone_C_Bulk,PKR-02,2026-01-11 07:16:00,2026-01-11 08:58:00,1,1,5,10.0,7.87
ORD-10966,SKU-121,Zone_A_HighBay,PKR-05,2026-01-11 07:57:00,2026-01-11 09:27:00,11,11,13,10.0,7.01
ORD-10967,SKU-125,Zone_C_Bulk,PKR-04,2026-01-11 08:08:00,2026-01-11 09:15:00,1,1,15,10.0,6.28
ORD-10968,SKU-143,Zone_A_HighBay,PKR-07,2026-01-11 08:09:00,2026-01-11 10:25:00,11,12,23,10.0,6.71
ORD-10969,SKU-124,Zone_B_Mezzanine,PKR-06,2026-01-11 08:20:00,2026-01-11 09:58:00,18,18,17,10.0,6.6
ORD-10970,SKU-116,Zone_B_Mezzanine,PKR-02,2026-01-11 08:51:00,2026-01-11 10:54:00,18,18,20,10.0,7.37
ORD-10971,SKU-112,Zone_C_Bulk,PKR-05,2026-01-11 09:10:00,2026-01-11 11:07:00,16,16,8,10.0,8.11
ORD-10972,SKU-119,Zone_A_HighBay,PKR-07,2026-01-11 09:10:00,2026-01-11 10:29:00,13,13,5,10.0,6.84
ORD-10973,SKU-124,Zone_A_HighBay,PKR-07,2026-01-11 09:37:00,2026-01-11 14:34:00,7,7,24,10.0,6.04
ORD-10974,SKU-103,Zone_B_Mezzanine,PKR-05,2026-01-11 09:36:00,2026-01-11 11:53:00,1,1,17,10.0,7.66
ORD-10975,SKU-109,Zone_B_Mezzanine,PKR-09,2026-01-11 10:11:00,2026-01-11 11:50:00,16,16,5,10.0,7.94
ORD-10976,SKU-102,Zone_B_Mezzanine,PKR-04,2026-01-11 10:28:00,2026-01-11 12:32:00,1,1,9,10.0,9.08
ORD-10977,SKU-140,Zone_A_HighBay,PKR-03,2026-01-11 10:29:00,2026-01-11 12:16:00,17,17,9,10.0,7.89
ORD-10978,SKU-144,Zone_A_HighBay,PKR-04,2026-01-11 10:35:00,2026-01-11 11:39:00,6,6,18,10.0,7.51
ORD-10979,SKU-117,Zone_A_HighBay,PKR-05,2026-01-11 11:04:00,2026-01-11 12:14:00,2,2,18,10.0,7.83
ORD-10980,SKU-146,Zone_C_Bulk,PKR-06,2026-01-11 11:26:00,2026-01-11 13:13:00,17,17,12,10.0,8.97
ORD-10981,SKU-135,Zone_A_HighBay,PKR-03,2026-01-11 11:23:00,2026-01-11 13:17:00,6,6,8,10.0,8.65
ORD-10982,SKU-146,Zone_A_HighBay,PKR-02,2026-01-11 11:51:00,2026-01-11 13:25:00,14,14,11,10.0,7.03
ORD-10983,SKU-121,Zone_C_Bulk,PKR-04,2026-01-11 12:04:00,2026-01-11 14:31:00,18,18,24,10.0,6.76
ORD-10984,SKU-133,Zone_A_HighBay,PKR-05,2026-01-11 12:11:00,2026-01-11 14:34:00,6,7,23,10.0,6.84
ORD-10985,SKU-146,Zone_C_Bulk,PKR-04,2026-01-11 12:33:00,2026-01-11 14:26:00,10,10,19,10.0,7.61
ORD-10986,SKU-107,Zone_B_Mezzanine,PKR-03,2026-01-11 12:49:00,2026-01-11 14:49:00,18,18,8,10.0,8.38
ORD-10987,SKU-139,Zone_C_Bulk,PKR-08,2026-01-11 12:47:00,2026-01-11 14:41:00,9,9,23,10.0,7.61
ORD-10988,SKU-148,Zone_A_HighBay,PKR-04,2026-01-11 13:14:00,2026-01-11 15:01:00,8,8,13,10.0,6.22
ORD-10989,SKU-143,Zone_A_HighBay,PKR-02,2026-01-11 13:16:00,2026-01-11 15:02:00,10,10,17,10.0,8.32
ORD-10990,SKU-118,Zone_B_Mezzanine,PKR-02,2026-01-11 13:59:00,2026-01-11 16:11:00,17,17,18,10.0,8.58
ORD-10991,SKU-141,Zone_C_Bulk,PKR-01,2026-01-11 14:05:00,2026-01-11 15:12:00,6,6,18,10.0,6.93
ORD-10992,SKU-140,Zone_B_Mezzanine,PKR-04,2026-01-11 14:01:00,2026-01-11 16:00:00,14,14,14,10.0,8.13
ORD-10993,SKU-136,Zone_A_HighBay,PKR-09,2026-01-11 14:36:00,2026-01-11 16:00:00,6,6,20,10.0,7.37
ORD-10994,SKU-105,Zone_B_Mezzanine,PKR-07,2026-01-11 14:32:00,2026-01-11 16:03:00,7,7,9,10.0,8.85
ORD-10995,SKU-125,Zone_B_Mezzanine,PKR-07,2026-01-11 14:50:00,2026-01-11 17:13:00,12,12,10,10.0,8.7
ORD-10996,SKU-133,Zone_B_Mezzanine,PKR-07,2026-01-11 15:14:00,2026-01-11 16:43:00,3,3,6,10.0,7.68
ORD-10997,SKU-144,Zone_B_Mezzanine,PKR-08,2026-01-11 15:41:00,2026-01-11 16:44:00,14,14,17,10.0,8.21
ORD-10998,SKU-105,Zone_C_Bulk,PKR-01,2026-01-11 15:39:00,2026-01-11 17:09:00,19,19,17,10.0,8.83
ORD-10999,SKU-136,Zone_B_Mezzanine,PKR-08,2026-01-11 15:53:00,2026-01-11 16:54:00,16,16,23,10.0,7.59
